datetime,pct_above_50dma,ad_line,n_stocks
2016-01-04,0.0,0,384
2016-01-05,0.0,99,384
2016-01-06,0.0,-167,384
2016-01-07,0.0,-488,384
2016-01-08,0.0,-763,384
2016-01-11,0.0,-743,384
2016-01-12,0.0,-562,384
2016-01-13,0.0,-894,384
2016-01-14,0.0,-657,384
2016-01-15,0.0,-977,384
2016-01-19,0.0,-968,385
2016-01-20,0.0,-1175,385
2016-01-21,0.0,-1053,385
2016-01-22,0.0,-726,385
2016-01-25,0.0,-1031,385
2016-01-26,0.0,-716,385
2016-01-27,0.0,-877,384
2016-01-28,0.0,-808,385
2016-01-29,0.0,-452,385
2016-02-01,0.0,-423,387
2016-02-02,0.0,-716,387
2016-02-03,0.0,-582,387
2016-02-04,0.0,-474,387
2016-02-05,0.0,-696,386
2016-02-08,0.0,-918,387
2016-02-09,0.0,-896,387
2016-02-10,0.0,-865,387
2016-02-11,0.0,-1145,387
2016-02-12,0.0,-834,387
2016-02-16,0.0,-490,387
2016-02-17,0.0,-206,387
2016-02-18,0.0,-268,387
2016-02-19,0.0,-274,387
2016-02-22,0.0,55,387
2016-02-23,0.0,-171,387
2016-02-24,0.0,-44,387
2016-02-25,0.0,259,387
2016-02-26,0.0,284,387
2016-02-29,0.0,94,387
2016-03-01,0.0,407,387
2016-03-02,0.0,539,387
2016-03-03,0.0,736,387
2016-03-04,0.0,837,388
2016-03-07,0.0,883,389
2016-03-08,0.0,656,389
2016-03-09,0.0,813,389
2016-03-10,0.0,822,389
2016-03-11,0.0,1157,389
2016-03-14,0.0,1094,389
2016-03-15,89.46,1010,389
2016-03-16,92.031,1226,389
2016-03-17,92.545,1451,389
2016-03-18,94.859,1545,389
2016-03-21,95.116,1541,389
2016-03-22,95.116,1467,389
2016-03-23,94.087,1289,389
2016-03-24,92.031,1242,389
2016-03-28,92.802,1314,389
2016-03-29,94.344,1592,389
2016-03-30,94.615,1686,390
2016-03-31,93.59,1679,390
2016-04-01,94.359,1847,390
2016-04-04,92.821,1647,390
2016-04-05,89.231,1353,390
2016-04-06,92.051,1591,390
2016-04-07,83.846,1279,390
2016-04-08,85.422,1468,391
2016-04-11,84.91,1378,391
2016-04-12,87.468,1667,391
2016-04-13,92.072,1890,391
2016-04-14,89.258,1845,391
2016-04-15,90.026,1898,391
2016-04-18,91.816,2180,391
2016-04-19,91.304,2293,391
2016-04-20,85.678,2295,391
2016-04-21,77.749,2114,391
2016-04-22,77.749,2300,391
2016-04-25,76.982,2224,391
2016-04-26,76.982,2403,391
2016-04-27,79.795,2587,391
2016-04-28,75.703,2353,391
2016-04-29,68.798,2191,391
2016-05-02,74.936,2429,391
2016-05-03,69.898,2202,392
2016-05-04,64.286,2063,392
2016-05-05,62.245,2062,392
2016-05-06,64.541,2213,392
2016-05-09,64.541,2278,392
2016-05-10,71.939,2591,392
2016-05-11,63.265,2335,392
2016-05-12,60.969,2380,392
2016-05-13,51.654,2085,393
2016-05-16,58.27,2379,393
2016-05-17,48.855,2166,393
2016-05-18,46.701,2100,394
2016-05-19,40.355,1959,394
2016-05-20,46.701,2205,394
2016-05-23,44.416,2124,394
2016-05-24,57.468,2458,395
2016-05-25,62.278,2606,395
2016-05-26,63.038,2561,395
2016-05-27,67.595,2812,395
2016-05-31,67.342,2785,395
2016-06-01,68.354,2896,395
2016-06-02,72.152,3037,395
2016-06-03,68.687,2918,396
2016-06-06,69.949,3040,396
2016-06-07,73.99,3121,396
2016-06-08,76.515,3275,396
2016-06-09,72.727,3235,396
2016-06-10,62.374,2928,396
2016-06-13,54.798,2631,396
2016-06-14,52.273,2564,396
2016-06-15,50.253,2524,396
2016-06-16,52.273,2644,396
2016-06-17,52.778,2639,396
2016-06-20,61.616,2880,396
2016-06-21,61.364,2988,396
2016-06-22,60.101,2914,396
2016-06-23,72.475,3252,396
2016-06-24,34.848,2927,396
2016-06-27,23.485,2674,396
2016-06-28,35.443,3014,395
2016-06-29,48.99,3372,396
2016-06-30,59.091,3704,396
2016-07-01,62.217,3767,397
2016-07-05,53.383,3604,399
2016-07-06,58.647,3799,399
2016-07-07,59.398,3824,399
2016-07-08,71.429,4207,399
2016-07-11,75.689,4360,399
2016-07-12,82.957,4531,399
2016-07-13,82.957,4561,399
2016-07-14,85.965,4699,399
2016-07-15,85.714,4674,399
2016-07-18,86.717,4757,399
2016-07-19,84.211,4690,399
2016-07-20,85.464,4823,399
2016-07-21,83.459,4663,399
2016-07-22,85.714,4908,399
2016-07-25,83.208,4849,399
2016-07-26,82.456,4926,399
2016-07-27,75.689,4752,399
2016-07-28,75.94,4817,399
2016-07-29,74.937,4854,399
2016-08-01,72.864,4805,398
2016-08-02,65.915,4535,399
2016-08-03,68.922,4640,399
2016-08-04,67.419,4669,399
2016-08-05,73.116,4896,398
2016-08-08,71.679,4828,399
2016-08-09,69.173,4836,399
2016-08-10,67.92,4784,399
2016-08-11,71.429,5001,399
2016-08-12,70.352,4936,398
2016-08-15,71.178,5054,399
2016-08-16,65.664,4811,399
2016-08-17,67.168,4912,399
2016-08-18,69.424,5025,399
2016-08-19,66.667,5011,399
2016-08-22,67.168,5044,399
2016-08-23,68.421,5157,399
2016-08-24,64.411,4945,399
2016-08-25,61.654,4999,399
2016-08-26,57.895,4901,399
2016-08-29,61.153,5172,399
2016-08-30,60.15,5067,399
2016-08-31,56.391,4976,399
2016-09-01,56.14,4932,399
2016-09-02,59.398,5169,399
2016-09-06,60.5,5215,400
2016-09-07,60.75,5238,400
2016-09-08,55.611,5134,401
2016-09-09,33.167,4753,401
2016-09-12,42.893,5124,401
2016-09-13,31.172,4759,401
2016-09-14,28.678,4689,401
2016-09-15,36.16,5032,401
2016-09-16,32.419,4871,401
2016-09-19,34.414,4986,401
2016-09-20,34.414,4927,401
2016-09-21,48.13,5281,401
2016-09-22,56.608,5538,401
2016-09-23,50.873,5353,401
2016-09-26,43.392,5103,401
2016-09-27,48.628,5298,401
2016-09-28,54.115,5443,401
2016-09-29,40.648,5161,401
2016-09-30,51.621,5399,401
2016-10-03,47.512,5229,402
2016-10-04,41.294,5029,402
2016-10-05,47.015,5142,402
2016-10-06,48.01,5169,402
2016-10-07,43.532,4977,402
2016-10-10,46.135,5164,401
2016-10-11,33.085,4801,402
2016-10-12,32.587,4927,402
2016-10-13,28.358,4820,402
2016-10-14,29.104,4824,402
2016-10-17,26.617,4693,402
2016-10-18,31.343,4919,402
2016-10-19,35.075,5031,402
2016-10-20,34.328,4944,402
2016-10-21,33.831,4832,402
2016-10-24,37.811,5009,402
2016-10-25,35.572,4866,402
2016-10-26,34.328,4884,402
2016-10-27,29.851,4708,402
2016-10-28,33.333,4761,402
2016-10-31,40.05,4866,402
2016-11-01,32.587,4620,402
2016-11-02,27.861,4418,402
2016-11-03,27.861,4366,402
2016-11-04,27.612,4356,402
2016-11-07,44.776,4740,402
2016-11-08,51.741,4902,402
2016-11-09,53.483,5004,402
2016-11-10,56.468,5073,402
2016-11-11,53.234,5074,402
2016-11-14,56.219,5188,402
2016-11-15,58.458,5349,402
2016-11-16,57.711,5239,402
2016-11-17,60.945,5370,402
2016-11-18,58.955,5308,402
2016-11-21,62.438,5534,402
2016-11-22,65.174,5639,402
2016-11-23,64.428,5699,402
2016-11-25,69.154,5913,402
2016-11-28,66.418,5743,402
2016-11-29,66.915,5805,402
2016-11-30,60.697,5690,402
2016-12-01,57.711,5609,402
2016-12-02,59.057,5649,403
2016-12-05,62.283,5823,403
2016-12-06,65.261,5950,403
2016-12-07,69.231,6259,403
2016-12-08,72.457,6382,403
2016-12-09,74.442,6468,403
2016-12-12,76.923,6426,403
2016-12-13,80.893,6580,403
2016-12-14,72.457,6291,403
2016-12-15,73.201,6418,403
2016-12-16,73.945,6358,403
2016-12-19,75.434,6440,403
2016-12-20,75.682,6609,403
2016-12-21,76.427,6479,403
2016-12-22,74.194,6407,403
2016-12-23,75.931,6513,403
2016-12-27,76.866,6709,402
2016-12-28,69.231,6349,403
2016-12-29,71.712,6398,403
2016-12-30,67.99,6181,403
2017-01-03,75.434,6407,403
2017-01-04,82.382,6683,403
2017-01-05,83.663,6604,404
2017-01-06,81.931,6697,404
2017-01-09,78.465,6515,404
2017-01-10,77.475,6548,404
2017-01-11,78.465,6698,404
2017-01-12,77.228,6609,404
2017-01-13,78.218,6691,404
2017-01-17,77.475,6659,404
2017-01-18,78.713,6772,404
2017-01-19,70.297,6554,404
2017-01-20,73.762,6748,404
2017-01-23,70.05,6615,404
2017-01-24,75.99,6858,404
2017-01-25,77.475,7039,404
2017-01-26,74.505,6950,404
2017-01-27,70.05,6874,404
2017-01-30,64.851,6698,404
2017-01-31,64.109,6697,404
2017-02-01,58.416,6617,404
2017-02-02,58.663,6675,404
2017-02-03,66.089,6946,404
2017-02-06,62.376,6821,404
2017-02-07,61.634,6845,404
2017-02-08,63.614,6944,404
2017-02-09,68.317,7152,404
2017-02-10,71.287,7317,404
2017-02-13,76.238,7517,404
2017-02-14,75.99,7599,404
2017-02-15,77.228,7779,404
2017-02-16,76.485,7716,404
2017-02-17,76.485,7809,404
2017-02-21,78.96,8048,404
2017-02-22,77.228,7960,404
2017-02-23,77.228,7969,404
2017-02-24,78.465,8100,404
2017-02-27,78.713,8163,404
2017-02-28,75.802,8030,405
2017-03-01,80.247,8291,405
2017-03-02,77.094,8124,406
2017-03-03,76.847,8113,406
2017-03-06,74.631,7925,406
2017-03-07,71.921,7734,406
2017-03-08,69.212,7703,406
2017-03-09,66.01,7645,406
2017-03-10,68.719,7820,406
2017-03-13,68.473,7909,406
2017-03-14,67.488,7723,406
2017-03-15,72.906,8030,406
2017-03-16,71.007,7939,407
2017-03-17,70.516,7988,407
2017-03-20,69.118,7834,408
2017-03-21,56.373,7549,408
2017-03-22,58.824,7684,408
2017-03-23,56.618,7668,408
2017-03-24,56.373,7631,408
2017-03-27,53.922,7560,408
2017-03-28,59.314,7817,408
2017-03-29,60.294,7821,408
2017-03-30,63.48,7920,408
2017-03-31,62.255,7849,408
2017-04-03,58.088,7709,408
2017-04-04,56.968,7689,409
2017-04-05,54.878,7578,410
2017-04-06,59.024,7758,410
2017-04-07,56.341,7660,410
2017-04-10,59.024,7765,410
2017-04-11,58.049,7759,410
2017-04-12,50.732,7592,410
2017-04-13,42.439,7277,410
2017-04-17,51.707,7628,410
2017-04-18,49.268,7569,410
2017-04-19,47.561,7561,410
2017-04-20,57.073,7782,410
2017-04-21,52.439,7652,410
2017-04-24,60.488,7941,410
2017-04-25,61.951,8145,410
2017-04-26,61.463,8115,410
2017-04-27,61.707,8167,410
2017-04-28,57.317,7990,410
2017-05-01,54.146,7952,410
2017-05-02,57.317,8020,410
2017-05-03,53.415,7962,410
2017-05-04,55.854,8032,410
2017-05-05,60.488,8221,410
2017-05-08,57.317,8102,410
2017-05-09,57.561,8072,410
2017-05-10,59.512,8179,410
2017-05-11,58.293,8040,410
2017-05-12,54.501,7895,411
2017-05-15,60.097,8166,411
2017-05-16,56.448,8088,411
2017-05-17,45.742,7824,411
2017-05-18,47.202,7953,411
2017-05-19,53.041,8236,411
2017-05-22,56.829,8482,410
2017-05-23,57.178,8560,411
2017-05-24,58.881,8687,411
2017-05-25,62.044,8859,411
2017-05-26,61.071,8862,411
2017-05-30,61.071,8828,411
2017-05-31,61.071,8896,411
2017-06-01,68.856,9216,411
2017-06-02,69.1,9274,411
2017-06-05,66.18,9189,411
2017-06-06,63.504,9023,411
2017-06-07,64.477,9145,411
2017-06-08,66.667,9142,411
2017-06-09,71.533,9277,411
2017-06-12,74.209,9316,411
2017-06-13,77.372,9549,411
2017-06-14,74.209,9568,411
2017-06-15,74.453,9545,411
2017-06-16,72.019,9585,411
2017-06-19,76.642,9781,411
2017-06-20,71.533,9546,411
2017-06-21,67.64,9418,411
2017-06-22,64.72,9358,411
2017-06-23,66.667,9452,411
2017-06-26,70.316,9566,411
2017-06-27,63.99,9347,411
2017-06-28,72.019,9593,411
2017-06-29,60.341,9348,411
2017-06-30,63.99,9470,411
2017-07-03,67.805,9568,410
2017-07-05,64.477,9565,411
2017-07-06,54.745,9246,411
2017-07-07,60.097,9494,411
2017-07-10,56.934,9477,411
2017-07-11,57.664,9416,411
2017-07-12,64.234,9692,411
2017-07-13,64.234,9735,411
2017-07-14,69.83,9949,411
2017-07-17,70.803,9994,411
2017-07-18,70.56,9924,411
2017-07-19,74.209,10176,411
2017-07-20,72.506,10192,411
2017-07-21,71.29,10239,411
2017-07-24,68.127,10194,411
2017-07-25,68.856,10302,411
2017-07-26,67.797,10266,413
2017-07-27,66.828,10242,413
2017-07-28,64.649,10221,413
2017-07-31,64.891,10236,413
2017-08-01,65.86,10344,413
2017-08-02,64.165,10279,413
2017-08-03,61.743,10261,413
2017-08-04,64.407,10341,413
2017-08-07,64.407,10382,413
2017-08-08,60.533,10249,413
2017-08-09,59.564,10191,413
2017-08-10,46.005,9859,413
2017-08-11,44.794,9846,413
2017-08-14,55.932,10169,413
2017-08-15,54.722,10154,413
2017-08-16,56.416,10267,413
2017-08-17,43.584,9893,413
2017-08-18,42.131,9797,413
2017-08-21,43.341,9863,413
2017-08-22,50.121,10136,413
2017-08-23,47.215,10002,413
2017-08-24,45.763,9939,413
2017-08-25,47.942,10110,413
2017-08-28,45.763,10094,413
2017-08-29,45.169,10032,414
2017-08-30,50.242,10189,414
2017-08-31,57.488,10370,414
2017-09-01,60.584,10515,411
2017-09-05,54.106,10364,414
2017-09-06,58.213,10463,414
2017-09-07,56.416,10519,413
2017-09-08,56.522,10580,414
2017-09-11,65.217,10908,414
2017-09-12,65.942,11018,414
2017-09-13,64.734,10967,414
2017-09-14,64.734,10994,414
2017-09-15,65.217,11099,414
2017-09-18,68.916,11164,415
2017-09-19,69.88,11156,415
2017-09-20,66.024,11213,415
2017-09-21,62.651,11090,415
2017-09-22,61.687,11158,415
2017-09-25,64.819,11218,415
2017-09-26,65.06,11224,415
2017-09-27,64.337,11330,415
2017-09-28,65.783,11407,415
2017-09-29,66.988,11547,415
2017-10-02,68.434,11731,415
2017-10-03,70.843,11793,415
2017-10-04,73.012,11914,415
2017-10-05,74.458,12074,415
2017-10-06,73.976,12027,415
2017-10-09,72.705,11963,414
2017-10-10,74.458,12094,415
2017-10-11,76.386,12181,415
2017-10-12,77.831,12257,415
2017-10-13,76.923,12303,416
2017-10-16,76.923,12334,416
2017-10-17,76.923,12282,416
2017-10-18,76.923,12306,416
2017-10-19,78.125,12394,416
2017-10-20,79.327,12598,416
2017-10-23,76.442,12501,416
2017-10-24,75.481,12580,416
2017-10-25,72.356,12370,416
2017-10-26,69.952,12512,416
2017-10-27,71.394,12567,416
2017-10-30,68.269,12397,416
2017-10-31,69.471,12437,416
2017-11-01,69.231,12463,416
2017-11-02,68.029,12515,416
2017-11-03,67.788,12565,416
2017-11-06,67.308,12577,416
2017-11-07,66.106,12585,416
2017-11-08,66.827,12678,416
2017-11-09,66.587,12586,416
2017-11-10,65.385,12559,416
2017-11-13,68.269,12633,416
2017-11-14,67.067,12660,416
2017-11-15,60.577,12453,416
2017-11-16,65.865,12694,416
2017-11-17,64.904,12677,416
2017-11-20,65.144,12759,416
2017-11-21,65.865,12954,416
2017-11-22,66.346,12858,416
2017-11-24,66.346,12920,416
2017-11-27,63.942,12936,416
2017-11-28,72.837,13211,416
2017-11-29,78.365,13319,416
2017-11-30,80.769,13545,416
2017-12-01,80.288,13443,416
2017-12-04,74.76,13494,416
2017-12-05,72.115,13308,416
2017-12-06,71.394,13287,416
2017-12-07,73.317,13436,416
2017-12-08,77.163,13696,416
2017-12-11,78.846,13709,416
2017-12-12,75.962,13699,416
2017-12-13,75.0,13686,416
2017-12-14,68.51,13471,416
2017-12-15,75.481,13778,416
2017-12-18,78.125,13962,416
2017-12-19,74.519,13846,416
2017-12-20,72.596,13784,416
2017-12-21,72.596,13802,416
2017-12-22,71.875,13813,416
2017-12-26,71.566,13854,415
2017-12-27,72.596,13942,416
2017-12-28,74.76,14133,416
2017-12-29,72.115,13864,416
2018-01-02,73.798,13988,416
2018-01-03,78.417,14129,417
2018-01-04,78.177,14257,417
2018-01-05,81.055,14438,417
2018-01-08,81.775,14572,417
2018-01-09,81.775,14566,417
2018-01-10,78.177,14449,417
2018-01-11,78.417,14652,417
2018-01-12,79.616,14807,417
2018-01-16,77.458,14663,417
2018-01-17,79.376,14966,417
2018-01-18,79.616,14860,417
2018-01-19,80.576,15073,417
2018-01-22,81.775,15274,417
2018-01-23,82.974,15331,417
2018-01-24,82.254,15313,417
2018-01-25,81.775,15324,417
2018-01-26,82.494,15588,417
2018-01-29,78.897,15345,417
2018-01-30,74.82,15075,417
2018-01-31,74.341,15108,417
2018-02-01,71.463,15013,417
2018-02-02,59.472,14644,417
2018-02-05,26.619,14233,417
2018-02-06,36.211,14467,417
2018-02-07,32.854,14395,417
2018-02-08,12.95,14005,417
2018-02-09,16.787,14293,417
2018-02-12,24.46,14587,417
2018-02-13,26.859,14699,417
2018-02-14,39.808,14944,417
2018-02-15,46.283,15197,417
2018-02-16,46.763,15236,417
2018-02-20,40.528,15039,417
2018-02-21,38.849,14878,417
2018-02-22,39.089,14894,417
2018-02-23,50.839,15267,417
2018-02-26,54.676,15486,417
2018-02-27,44.125,15162,417
2018-02-28,37.41,14879,417
2018-03-01,29.257,14664,417
2018-03-02,32.614,14814,417
2018-03-05,38.849,15122,417
2018-03-06,40.767,15274,417
2018-03-07,40.67,15275,418
2018-03-08,44.498,15408,418
2018-03-09,54.785,15756,418
2018-03-12,52.632,15702,418
2018-03-13,51.435,15602,418
2018-03-14,46.411,15410,418
2018-03-15,46.172,15384,418
2018-03-16,52.871,15584,418
2018-03-19,44.869,15246,419
2018-03-20,45.346,15310,419
2018-03-21,45.107,15238,419
2018-03-22,25.776,14904,419
2018-03-23,16.229,14547,419
2018-03-26,29.594,14931,419
2018-03-27,23.628,14686,419
2018-03-28,24.344,14654,419
2018-03-29,32.458,14968,419
2018-04-02,19.809,14571,419
2018-04-03,26.969,14918,419
2018-04-04,36.429,15229,420
2018-04-05,43.095,15467,420
2018-04-06,26.905,15069,420
2018-04-09,29.524,15128,420
2018-04-10,41.667,15419,420
2018-04-11,36.905,15234,420
2018-04-12,42.619,15393,420
2018-04-13,41.905,15311,420
2018-04-16,52.143,15632,420
2018-04-17,60.476,15884,420
2018-04-18,61.905,15942,420
2018-04-19,54.762,15753,420
2018-04-20,48.81,15490,420
2018-04-23,49.524,15554,420
2018-04-24,41.905,15338,420
2018-04-25,42.619,15433,420
2018-04-26,49.048,15618,420
2018-04-27,50.476,15733,420
2018-04-30,47.381,15472,420
2018-05-01,46.905,15514,420
2018-05-02,40.952,15315,420
2018-05-03,39.524,15260,420
2018-05-04,47.381,15581,420
2018-05-07,47.619,15638,420
2018-05-08,46.905,15616,420
2018-05-09,52.619,15822,420
2018-05-10,60.714,16120,420
2018-05-11,61.667,16210,420
2018-05-14,62.143,16172,420
2018-05-15,54.524,16023,420
2018-05-16,57.143,16155,420
2018-05-17,57.381,16177,420
2018-05-18,56.429,16152,420
2018-05-21,62.291,16389,419
2018-05-22,61.19,16289,420
2018-05-23,62.143,16354,420
2018-05-24,61.429,16329,420
2018-05-25,60.952,16316,420
2018-05-29,52.857,16073,420
2018-05-30,62.381,16429,420
2018-05-31,54.762,16171,420
2018-06-01,60.714,16416,420
2018-06-04,60.952,16600,420
2018-06-05,60.952,16604,420
2018-06-06,66.667,16831,420
2018-06-07,67.143,16882,420
2018-06-08,70.952,17055,420
2018-06-11,73.333,17097,420
2018-06-12,73.571,17206,420
2018-06-13,67.857,17000,420
2018-06-14,70.0,17083,420
2018-06-15,68.974,17121,419
2018-06-18,66.268,17070,418
2018-06-19,65.072,16949,418
2018-06-20,65.072,16995,418
2018-06-21,59.569,16836,418
2018-06-22,62.919,16926,418
2018-06-25,54.545,16690,418
2018-06-26,54.306,16672,418
2018-06-27,48.325,16431,418
2018-06-28,52.392,16598,418
2018-06-29,52.871,16642,418
2018-07-02,53.717,16696,417
2018-07-03,52.153,16664,418
2018-07-05,57.416,16931,418
2018-07-06,58.852,17235,418
2018-07-09,67.943,17445,418
2018-07-10,70.335,17573,418
2018-07-11,61.244,17379,418
2018-07-12,66.986,17559,418
2018-07-13,66.986,17631,418
2018-07-16,64.115,17468,418
2018-07-17,67.943,17640,418
2018-07-18,68.421,17656,418
2018-07-19,67.703,17671,418
2018-07-20,64.115,17547,418
2018-07-23,64.115,17558,418
2018-07-24,64.115,17550,418
2018-07-25,67.225,17777,418
2018-07-26,73.684,17903,418
2018-07-27,67.703,17739,418
2018-07-30,63.397,17640,418
2018-07-31,67.464,17835,418
2018-08-01,63.158,17675,418
2018-08-02,65.55,17790,418
2018-08-03,68.9,17985,418
2018-08-06,70.024,18113,417
2018-08-07,74.163,18254,418
2018-08-08,72.488,18194,418
2018-08-09,71.053,18159,418
2018-08-10,64.833,17922,418
2018-08-13,61.244,17757,418
2018-08-14,65.55,18035,418
2018-08-15,61.005,17921,418
2018-08-16,66.029,18227,418
2018-08-17,69.139,18469,418
2018-08-20,71.77,18622,418
2018-08-21,74.163,18686,418
2018-08-22,72.727,18582,418
2018-08-23,69.139,18479,418
2018-08-24,71.292,18726,418
2018-08-27,76.555,18895,418
2018-08-28,75.895,18907,419
2018-08-29,78.043,19050,419
2018-08-30,71.838,18799,419
2018-08-31,72.076,18874,419
2018-09-04,69.212,18848,419
2018-09-05,71.599,18905,419
2018-09-06,70.167,18905,419
2018-09-07,66.826,18775,419
2018-09-10,69.212,18922,419
2018-09-11,68.258,18929,419
2018-09-12,68.496,18970,419
2018-09-13,70.406,19157,419
2018-09-14,72.076,19214,419
2018-09-17,68.735,19143,419
2018-09-18,69.212,19285,419
2018-09-19,68.974,19288,419
2018-09-20,72.315,19578,419
2018-09-21,73.508,19632,419
2018-09-24,63.723,19394,419
2018-09-25,58.95,19268,419
2018-09-26,55.609,19100,419
2018-09-27,54.654,19111,419
2018-09-28,57.518,19185,419
2018-10-01,57.279,19200,419
2018-10-02,57.279,19191,419
2018-10-03,53.222,19181,419
2018-10-04,48.21,19040,419
2018-10-05,48.21,18925,419
2018-10-08,48.565,19013,418
2018-10-09,47.255,18935,419
2018-10-10,23.866,18551,419
2018-10-11,10.501,18187,419
2018-10-12,13.842,18374,419
2018-10-15,12.649,18343,419
2018-10-16,25.298,18727,419
2018-10-17,25.06,18666,419
2018-10-18,21.718,18420,419
2018-10-19,21.241,18405,419
2018-10-22,18.377,18254,419
2018-10-23,16.706,18121,419
2018-10-24,14.558,17857,419
2018-10-25,16.706,18104,419
2018-10-26,10.979,17827,419
2018-10-29,16.229,17860,419
2018-10-30,21.241,18181,419
2018-10-31,21.48,18274,419
2018-11-01,25.298,18492,419
2018-11-02,22.673,18418,419
2018-11-05,28.401,18633,419
2018-11-06,35.629,18866,421
2018-11-07,50.594,19209,421
2018-11-08,52.732,19241,421
2018-11-09,47.506,19096,421
2018-11-12,36.817,18842,421
2018-11-13,38.48,18864,421
2018-11-14,33.967,18722,421
2018-11-15,38.005,18925,421
2018-11-16,43.23,19075,421
2018-11-19,37.53,18907,421
2018-11-20,30.641,18613,421
2018-11-21,30.166,18740,421
2018-11-23,30.404,18667,421
2018-11-26,37.292,18983,421
2018-11-27,39.286,19015,420
2018-11-28,53.571,19341,420
2018-11-29,51.074,19260,419
2018-11-30,59.427,19461,419
2018-12-03,67.696,19683,421
2018-12-04,42.993,19322,421
2018-12-06,43.705,19268,421
2018-12-07,27.316,18923,421
2018-12-10,29.691,18901,421
2018-12-11,31.591,18880,421
2018-12-12,35.867,19048,421
2018-12-13,32.067,18959,421
2018-12-14,26.128,18651,421
2018-12-17,16.39,18291,421
2018-12-18,15.439,18298,421
2018-12-19,12.352,17979,421
2018-12-20,9.026,17670,421
2018-12-21,6.905,17335,420
2018-12-24,1.188,16931,421
2018-12-26,4.276,17350,421
2018-12-27,8.551,17638,421
2018-12-28,8.314,17538,421
2018-12-31,12.114,17828,421
2019-01-02,7.143,17797,420
2019-01-03,2.857,17519,420
2019-01-04,12.381,17912,420
2019-01-07,18.333,18127,420
2019-01-08,27.619,18392,420
2019-01-09,32.381,18540,420
2019-01-10,41.429,18755,420
2019-01-11,39.524,18809,420
2019-01-14,36.19,18659,420
2019-01-15,43.095,18876,420
2019-01-16,44.762,18950,420
2019-01-17,55.476,19250,420
2019-01-18,72.619,19587,420
2019-01-22,61.667,19311,420
2019-01-23,61.905,19303,420
2019-01-24,67.381,19425,420
2019-01-25,73.571,19671,420
2019-01-28,70.0,19552,420
2019-01-29,73.095,19595,420
2019-01-30,79.048,19880,420
2019-01-31,83.571,20045,420
2019-02-01,86.19,20084,420
2019-02-04,87.619,20276,420
2019-02-05,87.857,20426,420
2019-02-06,86.905,20373,420
2019-02-07,83.333,20238,420
2019-02-08,82.857,20297,420
2019-02-11,83.333,20411,420
2019-02-12,89.524,20677,420
2019-02-13,91.667,20829,420
2019-02-14,90.952,20724,420
2019-02-15,93.349,21031,421
2019-02-19,92.874,21106,421
2019-02-20,93.349,21224,421
2019-02-21,91.686,21146,421
2019-02-22,93.112,21381,421
2019-02-25,91.211,21360,421
2019-02-26,91.686,21281,421
2019-02-27,92.399,21319,421
2019-02-28,91.924,21317,421
2019-03-01,92.162,21504,421
2019-03-04,90.024,21370,421
2019-03-05,89.074,21241,421
2019-03-06,85.511,20992,421
2019-03-07,81.71,20754,421
2019-03-08,76.96,20681,421
2019-03-11,83.373,21049,421
2019-03-12,82.938,21205,422
2019-03-13,85.106,21472,423
2019-03-14,83.452,21451,423
2019-03-15,81.324,21584,423
2019-03-18,81.087,21704,423
2019-03-19,79.433,21610,423
2019-03-20,72.577,21454,423
2019-03-21,78.723,21793,423
2019-03-22,63.83,21502,423
2019-03-25,63.593,21523,423
2019-03-26,69.267,21826,423
2019-03-27,65.957,21676,423
2019-03-28,67.612,21893,423
2019-03-29,73.05,22126,423
2019-04-01,80.851,22346,423
2019-04-02,80.615,22338,423
2019-04-03,79.905,22455,423
2019-04-04,81.324,22533,423
2019-04-05,85.579,22783,423
2019-04-08,83.688,22803,423
2019-04-09,78.251,22560,423
2019-04-10,80.851,22750,423
2019-04-11,81.087,22864,423
2019-04-12,84.397,23098,423
2019-04-15,81.56,23013,423
2019-04-16,77.541,23047,423
2019-04-17,70.686,22959,423
2019-04-18,70.686,23040,423
2019-04-22,68.794,22933,423
2019-04-23,75.414,23212,423
2019-04-24,74.704,23226,423
2019-04-25,71.158,23131,423
2019-04-26,72.104,23343,423
2019-04-29,72.34,23308,423
2019-04-30,74.232,23443,423
2019-05-01,68.794,23156,423
2019-05-02,67.849,23220,423
2019-05-03,73.522,23496,423
2019-05-06,69.976,23301,423
2019-05-07,54.137,22938,423
2019-05-08,52.719,22868,423
2019-05-09,51.3,22849,423
2019-05-10,56.265,23027,423
2019-05-13,38.061,22697,423
2019-05-14,44.681,22950,423
2019-05-15,45.154,23093,423
2019-05-16,51.537,23340,423
2019-05-17,49.882,23160,423
2019-05-20,44.208,23020,423
2019-05-21,50.827,23337,423
2019-05-22,49.173,23258,423
2019-05-23,43.026,23028,423
2019-05-24,45.39,23106,423
2019-05-28,38.298,22794,423
2019-05-29,31.678,22599,423
2019-05-30,33.57,22690,423
2019-05-31,30.969,22464,423
2019-06-03,31.294,22663,425
2019-06-04,41.647,22989,425
2019-06-05,50.588,23181,425
2019-06-06,51.529,23352,425
2019-06-07,55.765,23573,425
2019-06-10,57.176,23686,425
2019-06-11,58.588,23644,425
2019-06-12,55.765,23649,425
2019-06-13,62.824,23861,425
2019-06-14,59.294,23811,425
2019-06-17,58.118,23766,425
2019-06-18,65.882,23968,425
2019-06-19,65.882,24122,425
2019-06-20,71.765,24411,425
2019-06-21,71.529,24312,425
2019-06-24,66.824,24219,425
2019-06-25,64.235,23998,425
2019-06-26,64.706,23945,425
2019-06-27,68.706,24167,425
2019-06-28,75.294,24444,425
2019-07-01,78.404,24614,426
2019-07-02,78.169,24664,426
2019-07-03,84.507,24981,426
2019-07-05,84.038,24882,426
2019-07-08,80.047,24699,426
2019-07-09,79.343,24714,426
2019-07-10,80.516,24763,426
2019-07-11,81.69,24854,426
2019-07-12,86.62,25062,426
2019-07-15,85.714,25089,427
2019-07-16,84.309,25036,427
2019-07-17,79.391,24857,427
2019-07-18,80.094,25026,427
2019-07-19,77.049,24848,427
2019-07-22,75.878,24845,427
2019-07-23,79.391,25064,427
2019-07-24,79.625,25227,427
2019-07-25,75.176,25051,427
2019-07-26,77.752,25220,427
2019-07-29,75.41,25185,427
2019-07-30,74.707,25191,427
2019-07-31,66.979,24906,427
2019-08-01,55.738,24727,427
2019-08-02,49.883,24549,427
2019-08-05,26.932,24138,427
2019-08-06,35.363,24425,427
2019-08-07,37.471,24498,427
2019-08-08,51.168,24894,428
2019-08-09,43.721,24702,430
2019-08-12,38.372,24390,430
2019-08-13,42.558,24713,430
2019-08-14,28.372,24289,430
2019-08-15,32.558,24357,430
2019-08-16,39.302,24743,430
2019-08-19,46.977,25124,430
2019-08-20,42.093,24817,430
2019-08-21,46.744,25131,430
2019-08-22,46.279,25124,430
2019-08-23,31.395,24710,430
2019-08-26,37.209,25033,430
2019-08-27,35.349,24887,430
2019-08-28,38.372,25171,430
2019-08-29,45.581,25531,430
2019-08-30,47.209,25649,430
2019-09-03,42.791,25505,430
2019-09-04,47.674,25846,430
2019-09-05,59.302,26092,430
2019-09-06,60.93,26189,430
2019-09-09,63.256,26249,430
2019-09-10,65.116,26352,430
2019-09-11,68.837,26547,430
2019-09-12,72.093,26633,430
2019-09-13,71.395,26663,430
2019-09-16,71.86,26612,430
2019-09-17,75.581,26677,430
2019-09-18,76.279,26659,430
2019-09-19,74.884,26601,430
2019-09-20,72.326,26457,430
2019-09-23,72.158,26474,431
2019-09-24,67.053,26276,431
2019-09-25,69.606,26455,431
2019-09-26,69.142,26435,431
2019-09-27,64.501,26350,431
2019-09-30,69.142,26515,431
2019-10-01,51.74,26184,431
2019-10-02,35.499,25800,431
2019-10-03,42.227,26032,431
2019-10-04,54.756,26381,431
2019-10-07,50.348,26145,431
2019-10-08,33.411,25770,431
2019-10-09,42.227,26093,431
2019-10-10,49.884,26345,431
2019-10-11,64.733,26616,431
2019-10-14,60.093,26531,431
2019-10-15,65.893,26762,431
2019-10-16,63.573,26710,431
2019-10-17,66.589,26858,431
2019-10-18,63.657,26871,432
2019-10-21,67.824,27091,432
2019-10-22,65.278,27089,432
2019-10-23,66.435,27199,432
2019-10-24,66.667,27187,432
2019-10-25,66.204,27279,432
2019-10-28,64.815,27360,432
2019-10-29,67.824,27404,432
2019-10-30,68.981,27452,432
2019-10-31,65.046,27280,432
2019-11-01,70.37,27470,432
2019-11-04,67.824,27555,432
2019-11-05,66.435,27545,432
2019-11-06,67.13,27591,432
2019-11-07,64.352,27635,432
2019-11-08,64.583,27704,432
2019-11-11,65.278,27608,432
2019-11-12,64.815,27599,432
2019-11-13,66.435,27628,432
2019-11-14,68.287,27721,432
2019-11-15,71.759,27974,432
2019-11-18,70.37,27984,432
2019-11-19,68.981,28027,432
2019-11-20,68.056,27895,432
2019-11-21,64.665,27790,433
2019-11-22,66.513,27897,433
2019-11-25,69.977,28121,433
2019-11-26,71.824,28229,433
2019-11-27,74.596,28411,433
2019-11-29,72.286,28148,433
2019-12-02,65.589,27873,433
2019-12-03,61.432,27686,433
2019-12-04,66.051,27931,433
2019-12-05,66.359,28024,434
2019-12-06,72.35,28313,434
2019-12-09,71.494,28251,435
2019-12-10,68.578,28185,436
2019-12-11,69.037,28295,436
2019-12-12,73.394,28520,436
2019-12-13,73.165,28485,436
2019-12-16,74.771,28715,436
2019-12-17,76.376,28752,436
2019-12-18,76.147,28742,436
2019-12-19,78.899,28877,436
2019-12-20,80.734,29095,436
2019-12-23,80.963,29044,436
2019-12-24,80.505,29067,436
2019-12-26,81.193,29226,436
2019-12-27,81.193,29208,436
2019-12-30,79.358,28978,436
2019-12-31,79.358,29228,436
2020-01-02,78.899,29314,436
2020-01-03,75.0,29116,436
2020-01-06,73.394,29141,436
2020-01-07,69.495,29040,436
2020-01-08,71.789,29213,436
2020-01-09,75.229,29428,436
2020-01-10,73.853,29334,436
2020-01-13,75.917,29576,436
2020-01-14,75.459,29601,436
2020-01-15,74.771,29692,436
2020-01-16,81.881,30029,436
2020-01-17,83.257,30155,436
2020-01-21,78.211,30086,436
2020-01-22,76.147,30066,436
2020-01-23,75.917,30173,436
2020-01-24,68.119,29882,436
2020-01-27,55.963,29544,436
2020-01-28,60.183,29832,437
2020-01-29,56.751,29742,437
2020-01-30,58.81,29831,437
2020-01-31,46.453,29452,437
2020-02-03,50.801,29676,437
2020-02-04,59.268,29966,437
2020-02-05,68.879,30234,437
2020-02-06,67.735,30216,437
2020-02-07,64.073,30020,437
2020-02-10,64.76,30210,437
2020-02-11,67.963,30415,437
2020-02-12,70.481,30610,437
2020-02-13,69.108,30620,437
2020-02-14,67.735,30663,437
2020-02-18,62.471,30543,437
2020-02-19,65.446,30627,437
2020-02-20,64.302,30657,437
2020-02-21,57.895,30450,437
2020-02-24,39.359,30037,437
2020-02-25,24.027,29620,437
2020-02-26,21.739,29391,437
2020-02-27,7.094,28980,437
2020-02-28,3.204,28752,437
2020-03-02,15.103,29137,437
2020-03-03,10.731,28777,438
2020-03-04,27.397,29174,438
2020-03-05,19.178,28770,438
2020-03-06,15.068,28478,438
2020-03-09,5.251,28056,438
2020-03-10,8.447,28448,438
2020-03-11,3.425,28025,438
2020-03-12,0.913,27589,438
2020-03-13,3.881,28001,438
2020-03-16,1.826,27581,438
2020-03-17,4.338,27843,438
2020-03-18,3.653,27495,438
2020-03-19,1.826,27537,438
2020-03-20,1.142,27238,438
2020-03-23,1.142,26978,438
2020-03-24,1.37,27402,438
2020-03-25,0.913,27610,438
2020-03-26,2.968,28002,438
2020-03-27,1.37,27694,438
2020-03-30,5.251,27952,438
2020-03-31,3.881,27709,438
2020-04-01,2.74,27311,438
2020-04-02,5.251,27474,438
2020-04-03,4.762,27243,441
2020-04-06,11.791,27666,441
2020-04-07,10.204,27745,441
2020-04-08,17.007,28142,441
2020-04-09,23.81,28380,441
2020-04-13,17.234,28100,441
2020-04-14,30.839,28413,441
2020-04-15,24.263,28034,441
2020-04-16,27.211,28009,441
2020-04-17,39.229,28400,441
2020-04-20,30.839,28076,441
2020-04-21,20.635,27682,441
2020-04-22,29.932,27976,441
2020-04-23,30.159,28007,441
2020-04-24,40.59,28297,441
2020-04-27,52.154,28634,441
2020-04-28,59.41,28778,441
2020-04-29,75.737,29030,441
2020-04-30,65.986,28702,441
2020-05-01,52.834,28300,441
2020-05-04,53.741,28293,441
2020-05-05,56.916,28441,441
2020-05-06,52.381,28209,441
2020-05-07,63.039,28455,441
2020-05-08,75.057,28806,441
2020-05-11,69.388,28635,441
2020-05-12,59.955,28261,442
2020-05-13,51.357,27914,442
2020-05-14,57.24,28156,442
2020-05-15,59.729,28207,442
2020-05-18,82.805,28587,442
2020-05-19,76.018,28324,442
2020-05-20,81.9,28618,442
2020-05-21,82.353,28444,442
2020-05-22,82.579,28496,442
2020-05-26,90.724,28764,442
2020-05-27,93.665,29076,442
2020-05-28,95.475,29011,442
2020-05-29,94.57,29009,442
2020-06-01,96.606,29180,442
2020-06-02,97.511,29436,442
2020-06-03,97.285,29723,442
2020-06-04,96.38,29699,442
2020-06-05,96.833,30068,442
2020-06-08,97.964,30314,442
2020-06-09,96.833,29984,442
2020-06-10,96.154,29735,442
2020-06-11,79.864,29295,442
2020-06-12,81.674,29575,442
2020-06-15,84.615,29828,442
2020-06-16,90.724,30214,442
2020-06-17,87.783,30048,442
2020-06-18,85.52,30009,442
2020-06-19,77.376,29814,442
2020-06-22,77.703,29849,444
2020-06-23,76.802,29853,444
2020-06-24,57.432,29442,444
2020-06-25,63.739,29682,444
2020-06-26,47.523,29338,444
2020-06-29,62.838,29697,444
2020-06-30,71.622,30020,444
2020-07-01,69.595,29958,444
2020-07-02,70.045,30156,444
2020-07-06,74.775,30432,444
2020-07-07,64.64,30122,444
2020-07-08,63.063,30199,444
2020-07-09,51.126,29955,444
2020-07-10,63.964,30211,444
2020-07-13,61.712,30164,444
2020-07-14,69.595,30490,444
2020-07-15,83.108,30787,444
2020-07-16,79.73,30766,444
2020-07-17,79.279,30852,444
2020-07-20,73.423,30720,444
2020-07-21,80.631,30923,444
2020-07-22,81.757,31148,444
2020-07-23,82.658,31085,444
2020-07-24,72.748,30842,444
2020-07-27,72.748,30937,444
2020-07-28,67.117,30796,444
2020-07-29,75.0,31096,444
2020-07-30,69.144,30897,444
2020-07-31,65.09,30868,444
2020-08-03,65.766,30915,444
2020-08-04,64.64,31001,444
2020-08-05,68.468,31125,444
2020-08-06,66.892,31116,444
2020-08-07,74.099,31317,444
2020-08-10,79.054,31484,444
2020-08-11,77.703,31446,444
2020-08-12,81.532,31616,444
2020-08-13,78.829,31484,444
2020-08-14,79.279,31508,444
2020-08-17,77.027,31504,444
2020-08-18,75.45,31354,444
2020-08-19,72.748,31183,444
2020-08-20,67.117,31027,444
2020-08-21,65.991,30983,444
2020-08-24,78.378,31266,444
2020-08-25,76.126,31240,444
2020-08-26,73.198,31195,444
2020-08-27,79.054,31311,444
2020-08-28,82.432,31552,444
2020-08-31,75.901,31353,444
2020-09-01,76.126,31445,444
2020-09-02,84.234,31824,444
2020-09-03,75.0,31483,444
2020-09-04,73.649,31385,444
2020-09-08,56.757,31038,444
2020-09-09,64.64,31304,444
2020-09-10,55.18,30962,444
2020-09-11,56.081,31093,444
2020-09-14,63.964,31452,444
2020-09-15,65.09,31511,444
2020-09-16,68.694,31606,444
2020-09-17,62.613,31479,444
2020-09-18,54.157,31186,445
2020-09-21,34.459,30871,444
2020-09-22,38.514,31034,444
2020-09-23,25.676,30636,444
2020-09-24,26.351,30738,444
2020-09-25,35.36,31069,444
2020-09-28,48.649,31453,444
2020-09-29,43.018,31249,444
2020-09-30,47.523,31466,444
2020-10-01,51.577,31536,444
2020-10-02,54.279,31657,444
2020-10-05,65.315,32017,444
2020-10-06,57.658,31754,444
2020-10-07,67.416,32114,445
2020-10-08,75.056,32433,445
2020-10-09,76.18,32497,445
2020-10-12,79.596,32719,446
2020-10-13,74.664,32516,446
2020-10-14,70.628,32425,446
2020-10-15,70.404,32540,446
2020-10-16,70.628,32576,446
2020-10-19,61.435,32221,446
2020-10-20,63.453,32414,446
2020-10-21,60.762,32268,446
2020-10-22,66.368,32473,446
2020-10-23,67.265,32652,446
2020-10-26,53.587,32281,446
2020-10-27,45.291,32049,446
2020-10-28,26.233,31629,446
2020-10-29,32.511,31816,446
2020-10-30,30.045,31753,446
2020-11-02,43.722,32100,446
2020-11-03,55.381,32456,446
2020-11-04,58.52,32423,446
2020-11-05,68.386,32714,446
2020-11-06,65.471,32668,446
2020-11-09,76.457,32876,446
2020-11-10,79.372,33001,446
2020-11-11,83.632,32971,446
2020-11-12,78.924,32629,446
2020-11-13,84.529,33021,446
2020-11-16,86.323,33328,446
2020-11-17,85.011,33194,447
2020-11-18,81.432,32948,447
2020-11-19,80.761,33047,447
2020-11-20,78.747,32895,447
2020-11-23,80.089,33104,447
2020-11-24,80.313,33385,447
2020-11-25,79.642,33193,447
2020-11-27,80.984,33172,447
2020-11-30,82.774,32993,447
2020-12-01,83.893,33233,447
2020-12-02,82.327,33270,447
2020-12-03,80.537,33348,447
2020-12-04,81.655,33631,447
2020-12-07,81.432,33483,447
2020-12-08,80.537,33568,447
2020-12-09,79.195,33511,447
2020-12-10,75.839,33402,447
2020-12-11,76.286,33305,447
2020-12-14,74.72,33100,447
2020-12-15,80.313,33457,447
2020-12-16,80.313,33373,447
2020-12-17,84.787,33580,447
2020-12-18,82.774,33515,447
2020-12-21,79.418,33279,447
2020-12-22,78.523,33147,447
2020-12-23,77.852,33241,447
2020-12-24,81.879,33375,447
2020-12-28,80.761,33467,447
2020-12-29,80.089,33229,447
2020-12-30,81.655,33441,447
2020-12-31,86.13,33731,447
2021-01-04,73.154,33411,447
2021-01-05,77.629,33614,447
2021-01-06,81.655,33881,447
2021-01-07,82.366,34054,448
2021-01-08,83.259,34082,448
2021-01-11,79.241,34032,448
2021-01-12,77.009,34147,448
2021-01-13,78.571,34059,448
2021-01-14,74.554,34087,448
2021-01-15,73.214,33971,448
2021-01-19,72.768,34052,448
2021-01-20,77.902,34184,448
2021-01-21,74.833,34030,449
2021-01-22,70.601,33893,449
2021-01-25,70.379,33894,449
2021-01-26,66.37,33761,449
2021-01-27,44.989,33437,449
2021-01-28,54.12,33647,449
2021-01-29,39.421,33297,449
2021-02-01,48.552,33560,449
2021-02-02,57.461,33841,449
2021-02-03,58.575,33847,449
2021-02-04,67.261,34098,449
2021-02-05,70.824,34227,449
2021-02-08,72.829,34442,449
2021-02-09,71.715,34407,449
2021-02-10,72.829,34486,449
2021-02-11,70.379,34458,449
2021-02-12,70.824,34583,449
2021-02-16,68.82,34535,449
2021-02-17,67.261,34524,449
2021-02-18,67.483,34432,449
2021-02-19,65.702,34507,449
2021-02-22,62.584,34510,449
2021-02-23,64.143,34550,449
2021-02-24,67.483,34802,449
2021-02-25,59.911,34438,449
2021-02-26,55.679,34285,449
2021-03-01,64.588,34666,449
2021-03-02,62.806,34570,449
2021-03-03,57.684,34505,449
2021-03-04,49.889,34230,449
2021-03-05,62.806,34611,449
2021-03-08,66.37,34780,449
2021-03-09,67.483,34775,449
2021-03-10,72.383,35013,449
2021-03-11,73.274,35095,449
2021-03-12,74.165,35279,449
2021-03-15,79.733,35496,449
2021-03-16,80.401,35316,449
2021-03-17,79.51,35430,449
2021-03-18,75.278,35313,449
2021-03-19,74.61,35270,449
2021-03-22,77.951,35333,449
2021-03-23,71.492,35102,449
2021-03-24,71.492,35122,449
2021-03-25,76.392,35400,449
2021-03-26,83.964,35755,449
2021-03-29,83.519,35664,449
2021-03-30,81.292,35651,449
2021-03-31,83.964,35587,449
2021-04-01,87.528,35819,449
2021-04-05,89.755,36109,449
2021-04-06,90.646,36141,449
2021-04-07,88.864,36027,449
2021-04-08,91.314,36032,449
2021-04-09,91.091,36243,449
2021-04-12,91.759,36352,449
2021-04-13,91.537,36316,449
2021-04-14,92.205,36332,449
2021-04-15,92.205,36574,449
2021-04-16,92.428,36776,449
2021-04-19,89.31,36627,449
2021-04-20,80.889,36517,450
2021-04-21,87.778,36808,450
2021-04-22,84.444,36609,450
2021-04-23,88.444,36884,450
2021-04-26,89.556,36899,450
2021-04-27,88.889,36943,450
2021-04-28,88.444,36906,450
2021-04-29,87.778,37169,450
2021-04-30,84.444,36969,450
2021-05-03,85.778,37128,450
2021-05-04,79.556,37104,450
2021-05-05,80.222,37146,450
2021-05-06,80.667,37385,450
2021-05-07,85.333,37645,450
2021-05-10,79.333,37616,450
2021-05-11,76.444,37318,450
2021-05-12,64.889,36930,450
2021-05-13,70.444,37298,450
2021-05-14,77.162,37627,451
2021-05-17,75.831,37532,451
2021-05-18,69.401,37271,451
2021-05-19,65.632,37071,451
2021-05-20,69.845,37260,451
2021-05-21,68.293,37320,451
2021-05-24,73.392,37540,451
2021-05-25,72.949,37396,451
2021-05-26,74.945,37534,451
2021-05-27,76.053,37666,451
2021-05-28,77.605,37745,451
2021-06-01,73.614,37798,451
2021-06-02,73.171,37816,451
2021-06-03,70.51,37805,451
2021-06-04,73.009,37964,452
2021-06-07,68.805,37816,452
2021-06-08,67.699,37890,452
2021-06-09,64.602,37743,452
2021-06-10,65.487,37795,452
2021-06-11,66.372,37982,452
2021-06-14,63.274,37872,452
2021-06-15,64.381,37928,452
2021-06-16,57.08,37654,452
2021-06-17,45.575,37543,452
2021-06-18,32.743,37185,452
2021-06-21,46.681,37597,452
2021-06-22,45.796,37618,452
2021-06-23,43.584,37526,452
2021-06-24,47.566,37742,452
2021-06-25,55.31,38009,452
2021-06-28,49.115,37927,452
2021-06-29,45.796,37886,452
2021-06-30,47.566,37971,452
2021-07-01,55.973,38250,452
2021-07-02,55.31,38352,452
2021-07-06,48.009,38180,452
2021-07-07,51.327,38342,452
2021-07-08,44.469,38009,452
2021-07-09,56.416,38384,452
2021-07-12,56.858,38474,452
2021-07-13,49.558,38154,452
2021-07-14,50.664,38150,452
2021-07-15,52.655,38136,452
2021-07-16,49.115,37970,452
2021-07-19,37.389,37626,452
2021-07-20,48.894,37984,452
2021-07-21,52.539,38198,453
2021-07-22,47.903,38100,453
2021-07-23,56.071,38393,453
2021-07-26,55.629,38442,453
2021-07-27,57.616,38437,453
2021-07-28,55.85,38387,453
2021-07-29,61.148,38638,453
2021-07-30,57.616,38553,453
2021-08-02,56.512,38486,453
2021-08-03,61.674,38743,454
2021-08-04,54.405,38496,454
2021-08-05,57.489,38686,454
2021-08-06,63.656,38805,454
2021-08-09,61.894,38682,454
2021-08-10,63.877,38812,454
2021-08-11,68.722,39048,454
2021-08-12,69.824,39031,454
2021-08-13,69.824,39078,454
2021-08-16,69.824,39143,454
2021-08-17,64.097,38949,454
2021-08-18,56.608,38594,454
2021-08-19,56.388,38559,454
2021-08-20,60.573,38854,454
2021-08-23,63.877,39024,454
2021-08-24,66.74,39131,454
2021-08-25,69.824,39326,454
2021-08-26,64.537,39061,454
2021-08-27,70.485,39390,454
2021-08-30,69.451,39392,455
2021-08-31,68.132,39404,455
2021-09-01,66.154,39383,455
2021-09-02,68.791,39618,455
2021-09-03,66.154,39445,455
2021-09-07,59.121,39156,455
2021-09-08,58.681,39160,455
2021-09-09,56.484,39056,455
2021-09-10,49.231,38834,455
2021-09-13,54.945,38931,455
2021-09-14,46.813,38719,455
2021-09-15,54.505,38977,455
2021-09-16,52.308,38871,455
2021-09-17,43.077,38597,455
2021-09-20,31.057,38242,454
2021-09-21,29.295,38112,454
2021-09-22,37.225,38409,454
2021-09-23,49.559,38727,454
2021-09-24,48.458,38763,454
2021-09-27,46.916,38775,454
2021-09-28,31.057,38414,454
2021-09-29,33.26,38496,454
2021-09-30,23.568,38116,454
2021-10-01,31.278,38375,454
2021-10-04,28.194,38198,454
2021-10-05,32.159,38405,454
2021-10-06,34.581,38472,454
2021-10-07,40.969,38720,454
2021-10-08,40.088,38598,454
2021-10-11,37.445,38370,454
2021-10-12,37.225,38364,454
2021-10-13,38.767,38435,454
2021-10-14,50.441,38849,454
2021-10-15,54.405,38999,454
2021-10-18,53.524,38971,454
2021-10-19,57.489,39179,454
2021-10-20,63.436,39431,454
2021-10-21,62.996,39491,454
2021-10-22,65.639,39631,454
2021-10-25,65.198,39669,454
2021-10-26,64.758,39627,454
2021-10-27,57.489,39320,454
2021-10-28,65.859,39611,454
2021-10-29,61.674,39560,454
2021-11-01,66.079,39707,454
2021-11-02,69.824,39786,454
2021-11-03,71.366,39943,454
2021-11-04,70.044,39890,454
2021-11-05,74.449,40033,454
2021-11-08,75.33,40080,454
2021-11-09,74.229,40086,454
2021-11-10,75.991,39985,454
2021-11-11,74.009,40034,454
2021-11-12,74.67,40175,454
2021-11-15,77.093,40222,454
2021-11-16,75.771,40246,454
2021-11-17,71.366,40098,454
2021-11-18,67.401,39953,454
2021-11-19,64.097,39817,454
2021-11-22,65.639,39875,454
2021-11-23,69.383,39991,454
2021-11-24,68.502,39973,454
2021-11-26,52.423,39576,454
2021-11-29,57.048,39742,454
2021-11-30,37.885,39302,454
2021-12-01,30.176,39035,454
2021-12-02,45.154,39407,454
2021-12-03,43.172,39313,454
2021-12-06,52.863,39635,454
2021-12-07,64.317,39972,454
2021-12-08,65.419,40075,454
2021-12-09,59.471,39839,454
2021-12-10,62.555,40040,454
2021-12-13,57.269,39911,454
2021-12-14,51.648,39741,455
2021-12-15,56.264,40024,455
2021-12-16,56.484,40051,455
2021-12-17,50.11,39829,455
2021-12-20,39.341,39513,455
2021-12-21,53.407,39822,455
2021-12-22,57.582,40095,455
2021-12-23,62.198,40363,455
2021-12-27,70.11,40731,455
2021-12-28,70.989,40846,455
2021-12-29,71.429,41015,455
2021-12-30,69.67,40897,455
2021-12-31,70.33,40974,455
2022-01-03,72.527,40965,455
2022-01-04,78.242,41120,455
2022-01-05,67.912,40841,455
2022-01-06,68.791,40896,455
2022-01-07,64.176,40863,455
2022-01-10,60.526,40736,456
2022-01-11,65.57,40950,456
2022-01-12,66.228,41023,456
2022-01-13,62.061,40965,456
2022-01-14,57.456,40886,456
2022-01-18,49.342,40533,456
2022-01-19,42.763,40284,456
2022-01-20,37.719,39984,456
2022-01-21,31.579,39712,456
2022-01-24,32.018,39834,456
2022-01-25,30.482,39590,456
2022-01-26,30.044,39417,456
2022-01-27,27.632,39282,456
2022-01-28,34.868,39616,456
2022-01-31,38.596,39932,456
2022-02-01,42.105,40098,456
2022-02-02,47.046,40320,457
2022-02-03,41.575,40022,457
2022-02-04,40.044,39942,457
2022-02-07,40.7,39957,457
2022-02-08,43.545,40193,457
2022-02-09,51.422,40508,457
2022-02-10,41.575,40161,457
2022-02-11,38.731,39884,457
2022-02-14,33.479,39626,457
2022-02-15,39.52,39898,458
2022-02-16,40.611,39999,458
2022-02-17,34.423,39682,459
2022-02-18,32.898,39542,459
2022-02-22,29.63,39290,459
2022-02-23,24.401,38936,459
2022-02-24,23.312,39064,459
2022-02-25,39.216,39493,459
2022-02-28,33.115,39287,459
2022-03-01,24.183,39004,459
2022-03-02,35.652,39392,460
2022-03-03,34.348,39399,460
2022-03-04,34.565,39302,460
2022-03-07,28.478,38972,460
2022-03-08,23.696,38877,460
2022-03-09,28.261,39187,460
2022-03-10,28.913,39089,460
2022-03-11,25.652,38810,460
2022-03-14,25.217,38757,460
2022-03-15,31.522,39116,460
2022-03-16,42.174,39420,460
2022-03-17,49.348,39733,460
2022-03-18,56.304,39919,460
2022-03-21,53.478,39799,460
2022-03-22,56.522,39991,460
2022-03-23,48.043,39699,460
2022-03-24,56.522,40050,460
2022-03-25,61.304,40274,460
2022-03-28,63.696,40385,460
2022-03-29,75.217,40722,460
2022-03-30,69.13,40592,460
2022-03-31,62.609,40264,460
2022-04-01,63.478,40418,460
2022-04-04,65.076,40430,461
2022-04-05,60.304,40246,461
2022-04-06,55.098,40199,461
2022-04-07,57.05,40247,461
2022-04-08,55.098,40266,461
2022-04-11,50.866,40020,462
2022-04-12,50.216,39932,462
2022-04-13,54.329,40200,462
2022-04-14,52.381,40054,462
2022-04-18,50.433,39953,462
2022-04-19,59.957,40314,462
2022-04-20,64.069,40550,462
2022-04-21,57.359,40255,462
2022-04-22,42.857,39817,462
2022-04-25,42.857,39902,462
2022-04-26,33.55,39498,462
2022-04-27,33.983,39533,462
2022-04-28,41.775,39879,462
2022-04-29,27.922,39435,462
2022-05-02,24.892,39466,462
2022-05-03,28.788,39661,462
2022-05-04,48.918,40073,462
2022-05-05,30.087,39642,462
2022-05-06,27.922,39461,462
2022-05-09,20.779,39140,462
2022-05-10,18.143,39064,463
2022-05-11,14.255,38834,463
2022-05-12,16.631,38930,463
2022-05-13,21.382,39325,463
2022-05-16,22.246,39208,463
2022-05-17,31.533,39571,463
2022-05-18,16.199,39123,463
2022-05-19,14.039,39081,463
2022-05-20,13.607,39150,463
2022-05-23,19.438,39463,463
2022-05-24,21.382,39389,463
2022-05-25,24.406,39620,463
2022-05-26,32.181,39984,463
2022-05-27,46.436,40412,463
2022-05-31,40.173,40147,463
2022-06-01,33.909,39860,463
2022-06-02,45.14,40206,463
2022-06-03,38.229,39869,463
2022-06-06,41.685,39990,463
2022-06-07,49.46,40302,463
2022-06-08,39.009,39930,464
2022-06-09,24.516,39511,465
2022-06-10,11.613,39105,465
2022-06-13,3.656,38649,465
2022-06-14,4.301,38513,465
2022-06-15,5.376,38776,465
2022-06-16,1.935,38339,465
2022-06-17,1.72,38424,465
2022-06-21,5.172,38770,464
2022-06-22,5.819,38776,464
2022-06-23,11.207,38933,464
2022-06-24,23.06,39364,464
2022-06-27,22.629,39326,464
2022-06-28,15.914,38984,465
2022-06-29,15.269,38904,465
2022-06-30,15.699,38742,465
2022-07-01,26.237,39067,465
2022-07-05,24.301,39003,465
2022-07-06,27.527,39057,465
2022-07-07,29.892,39317,465
2022-07-08,29.032,39149,465
2022-07-11,27.312,38938,465
2022-07-12,22.796,38789,465
2022-07-13,20.0,38608,465
2022-07-14,19.355,38427,465
2022-07-15,28.817,38829,465
2022-07-18,23.656,38668,465
2022-07-19,47.097,39117,465
2022-07-20,51.828,39277,465
2022-07-21,59.355,39490,465
2022-07-22,57.849,39383,465
2022-07-25,61.935,39467,465
2022-07-26,55.699,39346,465
2022-07-27,69.677,39681,465
2022-07-28,76.559,39979,465
2022-07-29,78.495,40229,465
2022-08-01,77.849,40179,465
2022-08-02,73.978,39933,465
2022-08-03,76.774,40202,465
2022-08-04,74.409,40185,465
2022-08-05,73.763,40242,465
2022-08-08,76.129,40373,465
2022-08-09,74.839,40311,465
2022-08-10,84.731,40710,465
2022-08-11,87.742,40790,465
2022-08-12,92.043,41205,465
2022-08-15,90.968,41289,465
2022-08-16,92.258,41421,465
2022-08-17,91.613,41158,465
2022-08-18,92.043,41280,465
2022-08-19,88.817,40971,465
2022-08-22,80.215,40547,465
2022-08-23,78.71,40451,465
2022-08-24,80.43,40647,465
2022-08-25,84.731,41046,465
2022-08-26,65.161,40589,465
2022-08-29,59.355,40377,465
2022-08-30,51.183,40038,465
2022-08-31,43.656,39735,465
2022-09-01,44.516,39816,465
2022-09-02,35.484,39502,465
2022-09-06,34.194,39397,465
2022-09-07,50.323,39816,465
2022-09-08,56.774,40059,465
2022-09-09,66.022,40435,465
2022-09-12,72.473,40750,465
2022-09-13,39.785,40294,465
2022-09-14,38.495,40260,465
2022-09-15,32.903,40059,465
2022-09-16,25.591,39860,465
2022-09-19,32.473,40108,465
2022-09-20,23.011,39706,465
2022-09-21,15.914,39296,465
2022-09-22,11.183,38999,465
2022-09-23,4.516,38657,465
2022-09-26,2.796,38272,465
2022-09-27,3.011,38166,465
2022-09-28,7.527,38601,465
2022-09-29,5.591,38203,465
2022-09-30,3.011,37884,465
2022-10-03,7.923,38324,467
2022-10-04,20.985,38778,467
2022-10-05,22.27,38644,467
2022-10-06,17.987,38339,467
2022-10-07,10.921,37926,467
2022-10-10,12.634,37816,467
2022-10-11,11.777,37731,467
2022-10-12,10.47,37556,468
2022-10-13,17.735,37963,468
2022-10-14,11.538,37553,468
2022-10-17,18.376,37977,468
2022-10-18,25.0,38348,468
2022-10-19,21.795,38098,468
2022-10-20,18.59,37845,468
2022-10-21,29.274,38261,468
2022-10-24,35.256,38563,468
2022-10-25,47.436,38938,468
2022-10-26,49.786,39005,468
2022-10-27,51.923,39058,468
2022-10-28,64.744,39442,468
2022-10-31,63.034,39264,468
2022-11-01,64.179,39324,469
2022-11-02,50.533,38908,469
2022-11-03,50.32,38831,469
2022-11-04,59.062,39109,469
2022-11-07,63.326,39340,469
2022-11-08,66.809,39541,470
2022-11-09,60.851,39149,470
2022-11-10,82.979,39585,470
2022-11-11,82.553,39696,470
2022-11-14,79.787,39433,470
2022-11-15,83.191,39686,470
2022-11-16,81.915,39514,470
2022-11-17,79.787,39369,470
2022-11-18,83.617,39631,470
2022-11-21,84.894,39670,470
2022-11-22,88.085,40038,470
2022-11-23,90.426,40238,470
2022-11-25,90.851,40424,470
2022-11-28,86.596,40025,470
2022-11-29,86.383,40069,470
2022-11-30,92.979,40505,470
2022-12-01,91.915,40524,470
2022-12-02,91.702,40522,470
2022-12-05,84.043,40108,470
2022-12-06,78.936,39841,470
2022-12-07,79.574,39803,470
2022-12-08,81.064,40011,470
2022-12-09,78.723,39761,470
2022-12-12,81.277,40168,470
2022-12-13,82.766,40354,470
2022-12-14,79.574,40145,470
2022-12-15,67.66,39730,470
2022-12-16,58.511,39418,470
2022-12-19,51.168,39150,471
2022-12-20,51.38,39181,471
2022-12-21,60.934,39592,471
2022-12-22,51.271,39291,472
2022-12-23,55.932,39607,472
2022-12-27,55.508,39726,472
2022-12-28,42.797,39303,472
2022-12-29,55.932,39733,472
2022-12-30,47.881,39511,472
2023-01-03,47.669,39540,472
2023-01-04,56.78,39861,472
2023-01-05,45.551,39609,472
2023-01-06,67.161,40035,472
2023-01-09,64.407,40047,472
2023-01-10,67.585,40280,472
2023-01-11,77.331,40566,472
2023-01-12,76.907,40633,472
2023-01-13,77.542,40752,472
2023-01-17,76.059,40647,472
2023-01-18,60.169,40268,472
2023-01-19,48.093,40003,472
2023-01-20,62.712,40398,472
2023-01-23,68.432,40661,472
2023-01-24,69.28,40633,472
2023-01-25,68.644,40694,472
2023-01-26,73.093,40905,472
2023-01-27,71.822,40931,472
2023-01-30,67.797,40656,472
2023-01-31,74.364,41068,472
2023-02-01,76.483,41294,472
2023-02-02,74.788,41437,472
2023-02-03,70.763,41171,472
2023-02-06,68.432,40996,472
2023-02-07,72.458,41177,472
2023-02-08,68.644,40912,472
2023-02-09,63.559,40667,472
2023-02-10,65.466,40790,472
2023-02-13,72.669,41167,472
2023-02-14,69.492,41015,472
2023-02-15,69.915,41182,472
2023-02-16,65.89,40852,472
2023-02-17,65.678,40868,472
2023-02-21,49.576,40464,472
2023-02-22,48.517,40374,472
2023-02-23,52.119,40485,472
2023-02-24,44.915,40216,472
2023-02-27,47.669,40246,472
2023-02-28,44.068,40152,472
2023-03-01,42.161,40022,472
2023-03-02,45.763,40281,472
2023-03-03,53.39,40645,472
2023-03-06,50.212,40511,472
2023-03-07,37.076,40095,472
2023-03-08,38.347,40173,472
2023-03-09,25.847,39749,472
2023-03-10,17.161,39357,472
2023-03-13,17.797,39289,472
2023-03-14,24.153,39620,472
2023-03-15,19.62,39415,474
2023-03-16,25.316,39737,474
2023-03-17,21.519,39348,474
2023-03-20,26.371,39704,474
2023-03-21,26.582,39966,474
2023-03-22,20.253,39510,474
2023-03-23,20.042,39381,474
2023-03-24,23.84,39618,474
2023-03-27,25.527,39840,474
2023-03-28,26.371,39945,474
2023-03-29,35.232,40340,474
2023-03-30,40.084,40560,474
2023-03-31,50.422,40978,474
2023-04-03,52.954,40944,474
2023-04-04,44.304,40695,474
2023-04-05,42.827,40645,474
2023-04-06,43.671,40691,474
2023-04-10,48.523,40865,474
2023-04-11,52.321,41094,474
2023-04-12,49.578,40951,474
2023-04-13,55.696,41215,474
2023-04-14,54.641,41061,474
2023-04-17,58.017,41306,474
2023-04-18,60.97,41303,474
2023-04-19,59.283,41313,474
2023-04-20,57.384,41171,474
2023-04-21,57.384,41189,474
2023-04-24,60.97,41306,474
2023-04-25,46.835,40998,474
2023-04-26,38.819,40699,474
2023-04-27,52.11,41064,474
2023-04-28,59.494,41369,474
2023-05-01,61.814,41399,474
2023-05-02,48.734,41105,474
2023-05-03,45.992,40911,474
2023-05-04,44.0,40722,475
2023-05-05,53.684,41116,475
2023-05-08,54.526,41059,475
2023-05-09,51.579,40938,475
2023-05-10,50.526,40957,475
2023-05-11,48.211,40787,475
2023-05-12,48.421,40790,475
2023-05-15,49.474,40944,475
2023-05-16,41.387,40577,476
2023-05-17,48.95,40832,476
2023-05-18,51.681,41004,476
2023-05-19,51.471,40898,476
2023-05-22,52.311,40964,476
2023-05-23,42.437,40692,476
2023-05-24,32.353,40368,476
2023-05-25,32.353,40292,476
2023-05-26,36.345,40468,476
2023-05-30,34.874,40384,476
2023-05-31,30.042,40242,476
2023-06-01,35.924,40472,476
2023-06-02,52.521,40871,476
2023-06-05,49.58,40779,476
2023-06-06,52.521,40926,476
2023-06-07,59.579,41107,475
2023-06-08,58.526,41122,475
2023-06-09,58.526,41070,475
2023-06-12,59.368,41233,475
2023-06-13,65.263,41508,475
2023-06-14,63.368,41450,475
2023-06-15,69.263,41807,475
2023-06-16,71.158,41739,475
2023-06-20,65.126,41444,476
2023-06-21,65.336,41454,476
2023-06-22,60.924,41316,476
2023-06-23,54.202,41027,476
2023-06-26,59.874,41204,476
2023-06-27,66.597,41515,476
2023-06-28,63.866,41429,476
2023-06-29,70.168,41700,476
2023-06-30,75.0,42053,476
2023-07-03,78.361,42177,476
2023-07-05,78.571,42027,476
2023-07-06,74.16,41711,476
2023-07-07,73.319,41716,476
2023-07-10,73.795,41937,477
2023-07-11,80.084,42244,477
2023-07-12,83.857,42397,477
2023-07-13,84.906,42592,477
2023-07-14,84.067,42444,477
2023-07-17,81.551,42491,477
2023-07-18,81.551,42613,477
2023-07-19,85.325,42760,477
2023-07-20,87.841,42818,477
2023-07-21,87.841,42921,477
2023-07-24,89.518,42990,477
2023-07-25,87.841,43058,477
2023-07-26,86.792,43089,477
2023-07-27,80.503,42841,477
2023-07-28,80.922,43006,477
2023-07-31,81.971,43101,477
2023-08-01,79.245,42959,477
2023-08-02,73.585,42739,477
2023-08-03,66.247,42656,477
2023-08-04,60.797,42489,477
2023-08-07,65.618,42785,477
2023-08-08,59.958,42598,477
2023-08-09,58.7,42518,477
2023-08-10,57.652,42482,477
2023-08-11,54.927,42542,477
2023-08-14,54.717,42520,477
2023-08-15,46.331,42124,477
2023-08-16,40.461,41863,477
2023-08-17,33.962,41634,477
2023-08-18,34.591,41725,477
2023-08-21,34.172,41684,477
2023-08-22,31.237,41577,477
2023-08-23,37.317,41860,477
2023-08-24,31.237,41557,477
2023-08-25,33.333,41797,477
2023-08-28,36.688,42118,477
2023-08-29,44.654,42487,477
2023-08-30,47.49,42630,478
2023-08-31,44.142,42485,478
2023-09-01,46.862,42647,478
2023-09-05,36.192,42336,478
2023-09-06,33.891,42251,478
2023-09-07,34.519,42176,478
2023-09-08,34.31,42204,478
2023-09-11,36.402,42303,478
2023-09-12,34.1,42230,478
2023-09-13,33.473,42142,478
2023-09-14,39.54,42487,478
2023-09-15,33.891,42189,478
2023-09-18,34.728,42155,478
2023-09-19,32.636,42056,478
2023-09-20,30.126,41917,478
2023-09-21,19.874,41513,478
2023-09-22,18.828,41367,478
2023-09-25,21.13,41456,478
2023-09-26,14.017,41067,478
2023-09-27,15.272,41043,478
2023-09-28,19.874,41281,478
2023-09-29,15.9,41162,478
2023-10-02,12.998,40895,477
2023-10-03,8.805,40622,477
2023-10-04,11.506,40877,478
2023-10-05,12.971,40806,478
2023-10-06,17.992,41089,478
2023-10-09,23.64,41278,478
2023-10-10,25.523,41529,478
2023-10-11,32.218,41638,478
2023-10-12,27.406,41319,478
2023-10-13,26.36,41258,478
2023-10-16,32.845,41656,478
2023-10-17,36.402,41821,478
2023-10-18,28.184,41500,479
2023-10-19,21.712,41165,479
2023-10-20,16.075,40818,479
2023-10-23,13.987,40603,479
2023-10-24,17.328,40787,479
2023-10-25,15.24,40556,479
2023-10-26,14.823,40543,479
2023-10-27,10.438,40235,479
2023-10-30,14.823,40529,479
2023-10-31,21.086,40847,479
2023-11-01,25.887,40961,479
2023-11-02,41.336,41335,479
2023-11-03,50.939,41651,479
2023-11-06,47.182,41483,479
2023-11-07,46.555,41407,479
2023-11-08,47.182,41369,479
2023-11-09,42.589,41126,479
2023-11-10,50.731,41482,479
2023-11-13,49.687,41380,479
2023-11-14,68.685,41789,479
2023-11-15,70.981,41890,479
2023-11-16,68.685,41855,479
2023-11-17,72.234,42002,479
2023-11-20,73.904,42180,479
2023-11-21,72.234,42150,479
2023-11-22,75.365,42421,479
2023-11-24,77.035,42665,479
2023-11-27,76.409,42528,479
2023-11-28,77.453,42489,479
2023-11-29,77.453,42554,479
2023-11-30,80.376,42849,479
2023-12-01,86.013,43208,479
2023-12-04,85.386,43227,479
2023-12-05,83.299,42930,479
2023-12-06,81.628,42989,479
2023-12-07,82.255,43116,479
2023-12-08,83.716,43203,479
2023-12-11,86.639,43469,479
2023-12-12,85.177,43575,479
2023-12-13,90.188,43966,479
2023-12-14,89.979,44108,479
2023-12-15,87.683,43872,479
2023-12-18,89.375,43942,480
2023-12-19,91.25,44223,480
2023-12-20,85.833,43781,480
2023-12-21,89.375,44180,480
2023-12-22,90.208,44418,480
2023-12-26,90.833,44733,480
2023-12-27,90.208,44836,480
2023-12-28,90.208,44999,480
2023-12-29,90.625,44806,480
2024-01-02,92.708,44816,480
2024-01-03,92.083,44534,480
2024-01-04,89.375,44528,480
2024-01-05,88.333,44592,480
2024-01-08,91.667,44916,480
2024-01-09,87.083,44711,480
2024-01-10,86.042,44774,480
2024-01-11,84.583,44710,480
2024-01-12,83.75,44720,480
2024-01-16,80.0,44505,480
2024-01-17,71.458,44216,480
2024-01-18,73.75,44378,480
2024-01-19,75.833,44609,480
2024-01-22,76.458,44828,480
2024-01-23,77.708,44859,480
2024-01-24,72.083,44648,480
2024-01-25,77.083,44935,480
2024-01-26,76.667,44964,480
2024-01-29,77.708,45201,480
2024-01-30,76.25,45247,480
2024-01-31,64.375,44918,480
2024-02-01,72.083,45209,480
2024-02-02,65.833,45159,480
2024-02-05,59.167,44850,480
2024-02-06,63.333,45046,480
2024-02-07,63.333,45168,480
2024-02-08,63.125,45206,480
2024-02-09,62.708,45316,480
2024-02-12,65.833,45473,480
2024-02-13,52.708,45091,480
2024-02-14,55.625,45361,480
2024-02-15,63.333,45674,480
2024-02-16,60.208,45515,480
2024-02-20,60.0,45412,480
2024-02-21,63.542,45562,480
2024-02-22,65.0,45785,480
2024-02-23,67.292,45965,480
2024-02-26,61.458,45799,480
2024-02-27,63.75,45919,480
2024-02-28,65.0,45935,480
2024-02-29,67.292,46069,480
2024-03-01,68.958,46181,480
2024-03-04,71.726,46284,481
2024-03-05,69.231,46148,481
2024-03-06,74.22,46379,481
2024-03-07,75.884,46610,481
2024-03-08,77.755,46609,481
2024-03-11,81.289,46682,481
2024-03-12,78.378,46762,481
2024-03-13,80.042,46788,481
2024-03-14,73.389,46519,481
2024-03-15,71.102,46481,481
2024-03-18,72.141,46584,481
2024-03-19,74.22,46842,481
2024-03-20,78.378,47094,481
2024-03-21,80.873,47340,481
2024-03-22,76.715,47097,481
2024-03-25,75.519,46966,482
2024-03-26,73.859,46899,482
2024-03-27,82.988,47291,482
2024-03-28,84.855,47512,482
2024-04-01,80.29,47288,482
2024-04-02,74.481,46998,482
2024-04-03,74.274,47035,482
2024-04-04,67.22,46693,482
2024-04-05,72.614,46921,482
2024-04-08,73.651,46994,482
2024-04-09,75.104,47153,482
2024-04-10,59.751,46805,482
2024-04-11,57.054,46770,482
2024-04-12,43.983,46371,482
2024-04-15,36.307,46038,482
2024-04-16,30.498,45864,482
2024-04-17,29.461,45771,482
2024-04-18,30.29,45790,482
2024-04-19,35.685,45944,482
2024-04-22,40.249,46255,482
2024-04-23,43.568,46523,482
2024-04-24,44.813,46579,482
2024-04-25,42.116,46463,482
2024-04-26,44.606,46482,482
2024-04-29,50.0,46707,482
2024-04-30,39.419,46341,482
2024-05-01,39.212,46325,482
2024-05-02,41.286,46522,482
2024-05-03,42.946,46768,482
2024-05-06,50.415,47025,482
2024-05-07,52.49,47170,482
2024-05-08,51.139,47160,483
2024-05-09,57.557,47481,483
2024-05-10,57.971,47582,483
2024-05-13,58.799,47529,483
2024-05-14,62.319,47653,483
2024-05-15,64.596,47865,483
2024-05-16,63.147,47817,483
2024-05-17,64.596,47888,483
2024-05-20,62.319,47821,483
2024-05-21,61.491,47817,483
2024-05-22,58.178,47678,483
2024-05-23,47.412,47299,483
2024-05-24,50.725,47501,483
2024-05-28,44.306,47280,483
2024-05-29,37.888,46903,483
2024-05-30,42.857,47116,483
2024-05-31,51.553,47452,483
2024-06-03,49.896,47295,483
2024-06-04,47.826,47256,483
2024-06-05,49.482,47401,483
2024-06-06,50.932,47301,483
2024-06-07,49.689,47179,483
2024-06-10,50.932,47250,483
2024-06-11,46.584,47119,483
2024-06-12,49.689,47213,483
2024-06-13,48.654,47096,483
2024-06-14,44.928,46875,483
2024-06-17,47.826,47079,483
2024-06-18,50.725,47201,483
2024-06-20,53.002,47269,483
2024-06-21,54.451,47365,483
2024-06-24,60.744,47560,484
2024-06-25,51.446,47300,484
2024-06-26,47.727,47158,484
2024-06-27,51.033,47226,484
2024-06-28,48.967,47276,484
2024-07-01,42.355,47026,484
2024-07-02,47.521,47198,484
2024-07-03,47.314,47201,484
2024-07-05,45.455,47176,484
2024-07-08,46.186,47234,485
2024-07-09,45.155,47134,485
2024-07-10,52.165,47433,485
2024-07-11,64.33,47706,485
2024-07-12,70.722,48004,485
2024-07-15,68.041,48053,485
2024-07-16,77.113,48430,485
2024-07-17,76.495,48428,485
2024-07-18,70.722,48169,485
2024-07-19,64.742,47952,485
2024-07-22,70.103,48230,485
2024-07-23,68.041,48109,485
2024-07-24,59.381,47940,485
2024-07-25,62.268,48011,485
2024-07-26,70.103,48375,485
2024-07-29,70.515,48426,485
2024-07-30,70.103,48591,485
2024-07-31,73.196,48653,485
2024-08-01,63.918,48507,485
2024-08-02,55.464,48276,485
2024-08-05,43.711,47833,485
2024-08-06,49.072,48107,485
2024-08-07,46.186,47905,485
2024-08-08,53.814,48302,485
2024-08-09,58.144,48379,485
2024-08-12,53.814,48202,485
2024-08-13,59.175,48549,485
2024-08-14,59.588,48647,485
2024-08-15,66.186,48960,485
2024-08-16,68.247,49098,485
2024-08-19,72.784,49422,485
2024-08-20,69.897,49276,485
2024-08-21,74.639,49578,485
2024-08-22,72.165,49500,485
2024-08-23,79.588,49850,485
2024-08-26,77.32,49871,485
2024-08-27,76.701,49854,485
2024-08-28,76.495,49791,485
2024-08-29,78.351,49958,485
2024-08-30,82.062,50314,485
2024-09-03,71.753,50117,485
2024-09-04,70.515,50106,485
2024-09-05,67.01,49865,485
2024-09-06,58.351,49540,485
2024-09-09,65.155,49866,485
2024-09-10,64.124,49905,485
2024-09-11,66.186,49878,485
2024-09-12,69.691,50110,485
2024-09-13,72.577,50449,485
2024-09-16,74.639,50704,485
2024-09-17,76.495,50738,485
2024-09-18,74.433,50664,485
2024-09-19,83.711,50860,485
2024-09-20,78.557,50716,485
2024-09-23,81.237,50933,485
2024-09-24,81.443,50951,485
2024-09-25,77.32,50725,485
2024-09-26,82.68,50880,485
2024-09-27,84.124,51036,485
2024-09-30,85.185,51160,486
2024-10-01,79.794,50995,485
2024-10-02,77.732,50937,485
2024-10-03,73.196,50668,485
2024-10-04,75.876,50875,485
2024-10-07,68.454,50592,485
2024-10-08,68.866,50715,485
2024-10-09,73.814,50960,485
2024-10-10,71.134,50786,485
2024-10-11,76.289,51143,485
2024-10-14,79.794,51432,485
2024-10-15,76.495,51416,485
2024-10-16,77.32,51621,485
2024-10-17,75.464,51589,485
2024-10-18,76.701,51729,485
2024-10-21,70.515,51397,485
2024-10-22,65.155,51272,485
2024-10-23,63.918,51137,485
2024-10-24,61.856,51134,485
2024-10-25,56.289,50946,485
2024-10-28,59.175,51153,485
2024-10-29,54.021,50971,485
2024-10-30,54.433,50957,485
2024-10-31,47.01,50729,485
2024-11-01,48.66,50716,485
2024-11-04,48.247,50761,485
2024-11-05,55.052,51132,485
2024-11-06,61.856,51298,485
2024-11-07,64.33,51335,485
2024-11-08,64.536,51473,485
2024-11-11,64.33,51570,485
2024-11-12,61.237,51364,485
2024-11-13,62.062,51385,485
2024-11-14,58.557,51176,485
2024-11-15,54.845,51035,485
2024-11-18,57.32,51171,485
2024-11-19,53.402,51056,485
2024-11-20,55.876,51162,485
2024-11-21,60.825,51523,485
2024-11-22,62.887,51771,485
2024-11-25,68.041,52031,485
2024-11-26,68.93,52078,486
2024-11-27,69.547,52113,486
2024-11-29,70.165,52209,486
2024-12-02,67.695,52085,486
2024-12-03,63.58,51899,486
2024-12-04,62.757,51868,486
2024-12-05,58.642,51737,486
2024-12-06,58.23,51650,486
2024-12-09,57.613,51607,486
2024-12-10,53.704,51416,486
2024-12-11,50.823,51391,486
2024-12-12,49.794,51246,486
2024-12-13,47.119,51077,486
2024-12-16,44.239,50941,486
2024-12-17,37.86,50688,486
2024-12-18,19.547,50242,486
2024-12-19,20.576,50136,486
2024-12-20,25.926,50519,486
2024-12-23,26.489,50568,487
2024-12-24,32.238,50971,487
2024-12-26,31.828,51029,487
2024-12-27,27.105,50641,487
2024-12-30,19.507,50213,487
2024-12-31,20.123,50310,487
2025-01-02,18.275,50164,487
2025-01-03,24.025,50451,487
2025-01-06,23.409,50414,487
2025-01-07,24.23,50325,487
2025-01-08,25.462,50408,487
2025-01-10,16.632,50048,487
2025-01-13,19.097,50289,487
2025-01-14,24.435,50547,487
2025-01-15,31.828,50778,487
2025-01-16,37.577,51020,487
2025-01-17,41.273,51199,487
2025-01-21,52.772,51527,487
2025-01-22,49.487,51373,487
2025-01-23,53.593,51520,487
2025-01-24,52.361,51514,487
2025-01-27,61.807,51705,487
2025-01-28,54.62,51515,487
2025-01-29,51.335,51430,487
2025-01-30,57.084,51746,487
2025-01-31,51.745,51496,487
2025-02-03,48.049,51359,487
2025-02-04,48.871,51360,487
2025-02-05,53.183,51550,487
2025-02-06,52.772,51564,487
2025-02-07,51.129,51341,487
2025-02-10,51.54,51414,487
2025-02-11,53.799,51438,487
2025-02-12,48.871,51260,487
2025-02-13,55.647,51535,487
2025-02-14,55.647,51471,487
2025-02-18,59.138,51688,487
2025-02-19,59.754,51769,487
2025-02-20,58.316,51738,487
2025-02-21,53.183,51488,487
2025-02-24,54.209,51558,487
2025-02-25,54.004,51650,487
2025-02-26,53.388,51558,487
2025-02-27,49.281,51427,487
2025-02-28,55.031,51794,487
2025-03-03,47.844,51635,487
2025-03-04,41.273,51311,487
2025-03-05,45.38,51553,487
2025-03-06,41.684,51384,487
2025-03-07,46.612,51572,487
2025-03-10,41.684,51381,487
2025-03-11,32.854,51122,487
2025-03-12,29.979,50992,487
2025-03-13,27.105,50751,487
2025-03-14,32.649,51146,487
2025-03-17,38.809,51548,487
2025-03-18,36.961,51378,487
2025-03-19,40.246,51602,487
2025-03-20,37.988,51457,487
2025-03-21,33.881,51263,487
2025-03-24,39.836,51601,487
2025-03-25,40.452,51538,487
2025-03-26,42.505,51567,487
2025-03-27,40.246,51499,487
2025-03-28,34.702,51188,487
2025-03-31,39.425,51467,487
2025-04-01,41.273,51567,487
2025-04-02,42.505,51844,487
2025-04-03,32.033,51542,487
2025-04-04,12.526,51084,487
2025-04-07,7.392,50907,487
2025-04-08,5.955,50552,487
2025-04-09,15.811,51021,487
2025-04-10,14.579,50683,487
2025-04-11,19.507,51046,487
2025-04-14,25.667,51399,487
2025-04-15,25.667,51296,487
2025-04-16,21.561,50938,487
2025-04-17,24.641,51194,487
2025-04-21,15.4,50779,487
2025-04-22,24.025,51248,487
2025-04-23,27.926,51465,487
2025-04-24,33.06,51763,487
2025-04-25,32.854,51674,487
2025-04-28,35.524,51836,487
2025-04-29,40.246,52070,487
2025-04-30,42.71,52211,487
2025-05-01,41.273,52141,487
2025-05-02,56.674,52544,487
2025-05-05,55.031,52428,487
2025-05-06,51.54,52214,487
2025-05-07,55.647,52430,487
2025-05-08,61.191,52616,487
2025-05-09,62.628,52600,487
2025-05-12,73.101,52904,487
2025-05-13,70.021,52893,487
2025-05-14,65.092,52699,487
2025-05-15,74.333,52936,487
2025-05-16,80.082,53317,487
2025-05-19,80.533,53336,488
2025-05-20,80.533,53185,488
2025-05-21,67.623,52734,488
2025-05-22,63.32,52615,488
2025-05-23,62.91,52464,488
2025-05-27,74.385,52883,488
2025-05-28,66.598,52554,488
2025-05-29,69.262,52761,488
2025-05-30,71.926,52791,488
2025-06-02,70.697,52769,488
2025-06-03,72.746,52974,488
2025-06-04,72.336,52871,488
2025-06-05,69.467,52753,488
2025-06-06,73.975,53076,488
2025-06-09,75.205,53105,488
2025-06-10,79.303,53265,488
2025-06-11,77.869,53106,488
2025-06-12,79.918,53202,488
2025-06-13,73.361,52850,488
2025-06-16,75.205,53074,488
2025-06-17,68.648,52761,488
2025-06-18,65.574,52744,488
2025-06-20,66.598,52835,488
2025-06-23,72.746,53127,488
2025-06-24,76.434,53372,488
2025-06-25,68.033,53154,488
2025-06-26,70.902,53391,488
2025-06-27,72.746,53560,488
2025-06-30,74.795,53756,488
2025-07-01,81.967,54005,488
2025-07-02,77.254,54079,488
2025-07-03,79.508,54279,488
2025-07-07,74.59,53979,488
2025-07-08,73.975,54013,488
2025-07-09,73.824,54111,489
2025-07-10,75.051,54314,489
2025-07-11,69.325,54043,489
2025-07-14,71.779,54111,489
2025-07-15,61.145,53718,489
2025-07-16,64.417,53897,489
2025-07-17,67.485,54138,489
2025-07-18,67.959,54148,490
2025-07-21,63.878,54018,490
2025-07-22,74.286,54318,490
2025-07-23,76.782,54501,491
2025-07-24,72.912,54429,491
2025-07-25,74.338,54594,491
2025-07-28,68.228,54380,491
2025-07-29,67.617,54384,491
2025-07-30,61.711,54203,491
2025-07-31,57.23,53988,491
2025-08-01,50.102,53780,491
2025-08-04,54.786,54133,491
2025-08-05,54.379,54082,491
2025-08-06,51.527,54055,491
2025-08-07,54.175,54053,491
2025-08-08,56.619,54140,491
2025-08-11,54.175,54001,491
2025-08-12,60.285,54294,491
2025-08-13,65.58,54623,491
2025-08-14,62.322,54410,491
2025-08-15,59.47,54323,491
2025-08-18,59.267,54284,491
2025-08-19,63.544,54488,491
2025-08-20,64.155,54503,491
2025-08-21,61.711,54323,491
2025-08-22,72.098,54672,491
2025-08-25,65.784,54377,491
2025-08-26,65.173,54394,491
2025-08-27,66.599,54573,491
2025-08-28,65.65,54519,492
2025-08-29,64.837,54581,492
2025-09-02,58.74,54331,492
2025-09-03,57.724,54284,492
2025-09-04,59.959,54509,492
2025-09-05,60.163,54561,492
2025-09-08,60.163,54554,492
2025-09-09,58.537,54465,492
2025-09-10,56.504,54372,492
2025-09-11,65.244,54736,492
2025-09-12,61.382,54472,492
2025-09-15,56.911,54384,492
2025-09-16,52.846,54260,492
2025-09-17,55.285,54332,492
2025-09-18,57.724,54476,492
2025-09-19,57.927,54403,492
2025-09-22,55.691,54393,492
2025-09-23,58.943,54442,492
2025-09-24,54.878,54376,492
2025-09-25,50.203,54115,492
2025-09-26,56.301,54462,492
2025-09-29,56.504,54574,492
2025-09-30,58.943,54681,492
2025-10-01,57.724,54618,492
2025-10-02,57.52,54679,492
2025-10-03,61.179,54819,492
2025-10-06,58.333,54797,492
2025-10-07,55.488,54693,492
2025-10-08,55.691,54725,492
2025-10-09,50.407,54466,492
2025-10-10,37.398,54128,492
2025-10-13,42.48,54339,492
2025-10-14,48.984,54608,492
2025-10-15,48.984,54601,492
2025-10-16,40.244,54372,492
2025-10-17,44.309,54589,492
2025-10-20,52.033,54909,492
2025-10-21,54.065,55009,492
2025-10-22,50.407,54901,492
2025-10-23,52.033,54972,492
2025-10-24,52.846,54989,492
2025-10-27,56.911,55135,492
2025-10-28,47.764,54848,492
2025-10-29,41.87,54605,492
2025-10-30,41.667,54573,492
2025-10-31,41.141,54600,491
2025-11-03,38.821,54474,492
2025-11-04,38.9,54410,491
2025-11-05,40.53,54529,491
2025-11-06,38.697,54356,491
2025-11-07,43.992,54632,491
2025-11-10,46.64,54761,491
2025-11-11,50.0,54940,492
2025-11-12,52.342,55030,491
2025-11-13,44.512,54793,492
2025-11-14,42.886,54673,492
2025-11-17,36.992,54369,492
2025-11-18,37.602,54369,492
2025-11-19,35.772,54265,492
2025-11-20,31.301,54070,492
2025-11-21,40.854,54457,492
2025-11-24,42.073,54471,492
2025-11-25,51.626,54818,492
2025-11-26,56.098,55037,492
2025-11-28,59.635,55291,493
2025-12-01,52.333,55064,493
2025-12-02,50.913,54996,493
2025-12-03,53.55,55164,493
2025-12-04,55.172,55171,493
2025-12-05,54.361,55196,493
2025-12-08,48.884,55014,493
2025-12-09,47.059,54942,493
2025-12-10,54.361,55220,493
2025-12-11,60.324,55453,494
2025-12-12,58.907,55392,494
2025-12-15,60.729,55469,494
2025-12-16,56.275,55242,494
2025-12-17,58.907,55258,494
2025-12-18,57.085,55287,494
2025-12-19,57.085,55354,494
2025-12-22,61.616,55635,495
2025-12-23,61.616,55566,495
2025-12-24,62.424,55841,495
2025-12-26,62.828,55878,495
2025-12-29,64.646,55795,495
2025-12-30,62.222,55677,495
2025-12-31,56.566,55222,495
2026-01-02,59.798,55372,495
2026-01-05,62.626,55551,495
2026-01-06,67.475,55806,495
2026-01-07,63.03,55533,495
2026-01-08,70.707,55740,495
2026-01-09,71.919,55809,495
2026-01-12,70.909,55807,495
2026-01-13,68.081,55830,495
2026-01-14,72.379,55963,496
2026-01-15,73.185,56086,496
2026-01-16,72.177,56042,496
2026-01-20,63.71,55742,496
2026-01-21,69.556,56064,496
2026-01-22,68.952,56131,496
2026-01-23,67.137,56000,496
2026-01-26,69.758,56131,496
2026-01-27,66.734,56101,496
2026-01-28,62.097,55979,496
2026-01-29,64.113,56051,496
2026-01-30,66.734,56046,496
2026-02-02,66.734,56128,496
2026-02-03,62.702,56171,496
2026-02-04,67.54,56393,496
2026-02-05,64.718,56256,496
2026-02-06,68.347,56552,496
2026-02-09,67.807,56577,497
2026-02-10,68.209,56674,497
2026-02-11,66.6,56743,497
2026-02-12,61.569,56564,497
2026-02-13,62.978,56797,497
2026-02-17,64.386,56781,497
2026-02-18,66.197,56911,497
2026-02-19,63.581,56821,497
2026-02-20,65.795,56986,497
2026-02-23,61.569,56833,497
2026-02-24,62.173,57042,497
2026-02-25,62.575,57058,497
2026-02-26,65.795,57254,497
2026-02-27,62.575,57309,497
2026-03-02,61.368,57288,497
2026-03-03,56.539,57056,497
2026-03-04,58.551,57121,497
2026-03-05,51.911,56893,497
2026-03-06,44.668,56695,497
2026-03-09,44.266,56704,497
2026-03-10,41.247,56499,497
2026-03-11,38.833,56342,497
2026-03-12,31.791,56065,497
2026-03-13,31.992,56095,497
2026-03-16,33.602,56353,497
2026-03-17,34.809,56486,497
2026-03-18,29.175,56145,497
2026-03-19,27.968,56066,497
2026-03-20,19.92,55791,497
2026-03-23,24.597,56052,496
2026-03-24,25.202,56120,496
2026-03-25,27.419,56261,496
2026-03-26,22.581,56134,496
2026-03-27,19.355,55855,496
2026-03-30,19.96,55903,496
2026-03-31,23.992,56240,496
2026-04-01,27.016,56342,496
2026-04-02,30.04,56440,496
2026-04-06,33.468,56585,496
2026-04-07,30.04,56498,496
2026-04-08,48.79,56836,496
2026-04-09,49.899,56918,497
2026-04-10,44.266,56692,497
2026-04-13,50.101,56906,497
2026-04-14,53.722,56981,497
2026-04-15,52.113,56926,497
2026-04-16,52.918,57020,497
2026-04-17,60.966,57309,497
2026-04-20,62.173,57358,497
2026-04-21,57.746,57187,497
2026-04-22,54.93,57127,497
2026-04-23,55.332,57171,497
2026-04-24,52.716,57028,497
2026-04-27,51.509,56979,497
2026-04-28,52.314,56937,497
2026-04-29,49.698,56773,497
2026-04-30,55.936,57031,497
2026-05-01,54.93,56884,497
2026-05-04,51.911,56696,497
2026-05-05,53.722,56835,497
2026-05-06,55.936,56969,497
2026-05-07,53.414,56819,498
2026-05-08,52.008,56733,498
2026-05-11,49.799,56659,498
2026-05-12,51.004,56676,498
2026-05-13,45.984,56524,498
2026-05-14,46.988,56621,498
2026-05-15,44.578,56403,498
2026-05-18,51.406,56619,498
2026-05-19,47.39,56488,498
2026-05-20,53.414,56684,498
2026-05-21,55.11,56759,499
2026-05-22,58.116,56965,499
2026-05-26,56.713,56963,499
2026-05-27,56.313,56938,499
2026-05-28,56.914,56912,499
2026-05-29,54.91,56805,499
2026-06-01,52.8,56729,500
2026-06-02,52.906,56743,499
2026-06-03,50.701,56643,499
2026-06-04,56.112,56863,499
2026-06-05,54.91,56842,499
2026-06-08,52.906,56700,499
2026-06-09,58.517,56938,499
2026-06-10,51.503,56790,499
2026-06-11,56.513,56927,499
2026-06-12,60.922,57218,499
2026-06-15,63.727,57234,499
2026-06-16,65.932,57281,499
2026-06-17,54.709,56926,499
2026-06-18,56.112,56954,499
2026-06-22,55.311,56988,499
2026-06-23,59.719,57056,499
2026-06-24,63.6,57194,500
2026-06-25,63.4,57302,500
2026-06-26,64.0,57445,500
2026-06-29,64.471,57407,501
2026-06-30,62.0,57331,500
2026-07-01,63.6,57427,500
2026-07-02,67.2,57638,500
2026-07-06,68.6,57580,500
2026-07-07,67.6,57647,500
2026-07-08,64.0,57371,500
2026-07-09,64.8,57469,500
2026-07-10,68.0,57649,500
2026-07-13,65.6,57693,500
2026-07-14,63.4,57600,500
2026-07-15,62.0,57614,500
2026-07-16,67.4,57849,500
2026-07-17,64.2,57641,500
2026-07-20,61.8,57466,500
2026-07-21,59.6,57427,500
2026-07-22,62.8,57421,500
2026-07-23,59.4,57343,500
2026-07-24,65.4,57563,500
2026-07-27,69.0,57713,500
2026-07-28,71.8,57924,500
2026-07-29,66.0,57784,500
2026-07-30,64.2,57676,500
2026-07-31,62.2,57619,500
2026-08-03,65.0,57797,500
2026-08-04,68.4,58016,500
2026-08-05,67.4,58004,500
2026-08-06,64.4,57908,500
