ticker,price,dollar_volume_m,atr_pct,adx,rs_50,market_cap_b
NTAP,182.92,432.4,3.95,35.6,1.4473,35.9
BAX,28.1,164.8,4.53,48.3,1.4445,14.5
AXON,575.88,450.3,4.81,23.1,1.4444,46.4
CRL,230.87,189.3,3.87,30.2,1.421,11.1
BBY,85.25,288.9,3.04,28.1,1.3812,18.0
CDW,147.7,254.6,3.79,38.6,1.3592,18.9
IQV,233.36,323.0,4.02,45.5,1.358,38.4
PANW,347.13,2172.4,4.29,24.5,1.342,282.9
EXPE,298.03,416.4,3.98,39.0,1.3388,35.8
WDAY,165.05,696.9,6.17,26.9,1.3244,40.8
DLTR,129.35,319.9,3.27,30.1,1.3214,24.9
IP,41.45,232.1,4.52,36.8,1.3058,21.9
GPC,128.52,226.7,3.76,20.6,1.3013,17.7
WTW,341.63,179.1,2.91,53.0,1.2982,31.7
MTD,1445.0,221.8,3.02,33.9,1.2957,29.2
PYPL,57.87,1031.4,3.56,55.5,1.2815,49.5
APH,163.34,1064.1,4.72,20.7,1.281,200.9
VEEV,206.25,308.6,3.99,32.8,1.2742,33.5
UAL,128.39,541.6,3.78,23.4,1.2599,41.7
VLO,307.54,817.0,3.67,26.4,1.2521,88.5
